Timestamp,Ch_1,Ch_2,Ch_3,Ch_4,Ch_5,Ch_6
2026-09-12 00:52:45,34.19,N/A,N/A,N/A,N/A,N/A
2026-09-12 00:52:47,34.19,N/A,N/A,N/A,N/A,N/A
2026-09-12 00:52:48,34.19,N/A,N/A,N/A,N/A,N/A
2026-09-12 00:52:50,34.19,N/A,N/A,N/A,N/A,N/A
2026-09-12 00:52:52,34.19,N/A,N/A,N/A,N/A,N/A
2026-09-12 00:52:54,34.19,N/A,N/A,N/A,N/A,N/A
2026-09-12 00:52:55,34.19,N/A,N/A,N/A,N/A,N/A
2026-09-12 00:52:57,34.19,N/A,N/A,N/A,N/A,N/A
2026-09-12 00:52:59,34.19,N/A,N/A,N/A,N/A,N/A
2026-09-12 00:53:01,34.19,N/A,N/A,N/A,N/A,N/A
2026-09-12 00:53:02,34.19,N/A,N/A,N/A,N/A,N/A
2026-09-12 00:53:04,34.19,N/A,N/A,N/A,N/A,N/A
2026-09-12 00:53:39,34.19,N/A,N/A,N/A,N/A,N/A
2026-09-12 00:53:41,34.19,N/A,N/A,N/A,N/A,N/A
2026-09-12 00:53:42,34.19,N/A,N/A,N/A,N/A,N/A
2026-09-12 00:53:44,34.19,N/A,N/A,N/A,N/A,N/A
2026-09-12 00:53:46,34.19,N/A,N/A,N/A,N/A,N/A
2026-09-12 00:53:48,34.19,N/A,N/A,N/A,N/A,N/A
2026-09-12 00:53:49,34.19,N/A,N/A,N/A,N/A,N/A
2026-09-12 00:53:51,34.19,N/A,N/A,N/A,N/A,N/A
2026-09-12 00:53:53,34.19,N/A,N/A,N/A,N/A,N/A
2026-09-12 00:53:55,34.19,N/A,N/A,N/A,N/A,N/A
2026-09-12 00:53:56,34.19,N/A,N/A,N/A,N/A,N/A
2026-09-12 00:53:58,34.19,N/A,N/A,N/A,N/A,N/A
2026-09-12 00:54:00,34.19,N/A,N/A,N/A,N/A,N/A
2026-09-12 00:54:02,34.19,N/A,N/A,N/A,N/A,N/A
2026-09-12 00:54:03,34.19,N/A,N/A,N/A,N/A,N/A
2026-09-12 00:54:05,34.19,N/A,N/A,N/A,N/A,N/A
2026-09-12 00:54:07,34.19,N/A,N/A,N/A,N/A,N/A
2026-09-12 00:54:09,34.19,N/A,N/A,N/A,N/A,N/A
2026-09-12 00:54:10,34.19,N/A,N/A,N/A,N/A,N/A
2026-09-12 00:54:12,34.19,N/A,N/A,N/A,N/A,N/A
2026-09-12 00:54:14,34.19,N/A,N/A,N/A,N/A,N/A
2026-09-12 00:54:16,34.19,N/A,N/A,N/A,N/A,N/A
2026-09-12 00:54:17,34.19,N/A,N/A,N/A,N/A,N/A
2026-09-12 00:54:19,34.19,N/A,N/A,N/A,N/A,N/A
2026-09-12 00:54:21,34.19,N/A,N/A,N/A,N/A,N/A
2026-09-12 00:54:23,34.19,N/A,N/A,N/A,N/A,N/A
2026-09-12 00:54:24,34.19,N/A,N/A,N/A,N/A,N/A
2026-09-12 00:54:26,34.19,N/A,N/A,N/A,N/A,N/A
2026-09-12 00:54:28,34.19,N/A,N/A,N/A,N/A,N/A
2026-09-12 00:54:30,34.19,N/A,N/A,N/A,N/A,N/A
2026-09-12 00:54:31,34.19,N/A,N/A,N/A,N/A,N/A
2026-09-12 00:54:33,34.19,N/A,N/A,N/A,N/A,N/A
2026-09-12 00:54:35,34.19,N/A,N/A,N/A,N/A,N/A
2026-09-12 00:54:37,34.19,N/A,N/A,N/A,N/A,N/A
2026-09-12 00:54:38,34.19,N/A,N/A,N/A,N/A,N/A
2026-09-12 00:54:40,34.19,N/A,N/A,N/A,N/A,N/A
2026-09-12 01:03:25,34.19,N/A,N/A,N/A,N/A,N/A
2026-09-12 01:03:27,34.19,N/A,N/A,N/A,N/A,N/A
2026-09-12 01:03:29,34.19,N/A,N/A,N/A,N/A,N/A
2026-09-12 01:03:30,34.19,N/A,N/A,N/A,N/A,N/A
2026-09-12 01:03:32,34.19,N/A,N/A,N/A,N/A,N/A
2026-09-12 01:03:34,34.19,N/A,N/A,N/A,N/A,N/A
2026-09-12 01:03:36,34.19,N/A,N/A,N/A,N/A,N/A
2026-09-12 01:03:37,34.19,N/A,N/A,N/A,N/A,N/A
2026-09-12 01:03:39,34.19,N/A,N/A,N/A,N/A,N/A
2026-09-12 01:03:41,34.19,N/A,N/A,N/A,N/A,N/A
2026-09-12 01:03:43,34.19,N/A,N/A,N/A,N/A,N/A
2026-09-12 01:03:44,34.19,N/A,N/A,N/A,N/A,N/A
2026-09-12 01:03:46,34.19,N/A,N/A,N/A,N/A,N/A
2026-09-12 01:03:48,34.19,N/A,N/A,N/A,N/A,N/A
2026-09-12 01:04:58,34.19,N/A,N/A,N/A,N/A,N/A
2026-09-12 01:05:00,34.19,N/A,N/A,N/A,N/A,N/A
2026-09-12 01:06:06,34.19,N/A,N/A,N/A,N/A,N/A
2026-09-12 01:06:08,34.19,N/A,N/A,N/A,N/A,N/A
2026-09-12 01:06:10,34.19,N/A,N/A,N/A,N/A,N/A
2026-09-12 01:06:11,34.19,N/A,N/A,N/A,N/A,N/A
2026-09-12 01:06:13,34.19,N/A,N/A,N/A,N/A,N/A
2026-09-12 01:06:15,34.19,N/A,N/A,N/A,N/A,N/A
2026-09-12 01:06:17,34.19,N/A,N/A,N/A,N/A,N/A
2026-09-12 01:06:18,34.19,N/A,N/A,N/A,N/A,N/A
2026-09-12 01:06:20,34.19,N/A,N/A,N/A,N/A,N/A
2026-09-12 01:06:22,34.19,N/A,N/A,N/A,N/A,N/A
2026-09-12 01:06:24,34.19,N/A,N/A,N/A,N/A,N/A
2026-09-12 01:07:29,34.19,N/A,N/A,N/A,N/A,N/A
2026-09-12 01:07:30,34.19,N/A,N/A,N/A,N/A,N/A
2026-09-12 01:07:32,34.19,N/A,N/A,N/A,N/A,N/A
2026-09-12 01:07:34,34.19,N/A,N/A,N/A,N/A,N/A
2026-09-12 01:07:36,34.19,N/A,N/A,N/A,N/A,N/A
2026-09-12 01:07:37,34.19,N/A,N/A,N/A,N/A,N/A
2026-09-12 01:07:39,34.19,N/A,N/A,N/A,N/A,N/A
2026-09-12 01:07:41,29.93,N/A,N/A,N/A,N/A,N/A
2026-09-12 01:07:43,29.21,N/A,N/A,N/A,N/A,N/A
2026-09-12 01:07:44,29.21,N/A,N/A,N/A,N/A,N/A
2026-09-12 01:07:46,29.21,N/A,N/A,N/A,N/A,N/A
2026-09-12 01:07:48,29.21,N/A,N/A,N/A,N/A,N/A
2026-09-12 01:07:50,27.11,N/A,N/A,N/A,N/A,N/A
2026-09-12 01:07:51,25.9,N/A,N/A,N/A,N/A,N/A
2026-09-12 01:07:53,25.89,N/A,N/A,N/A,N/A,N/A
2026-09-12 01:07:55,25.0,N/A,N/A,N/A,N/A,N/A
2026-09-12 01:07:57,24.28,N/A,N/A,N/A,N/A,N/A
2026-09-12 01:07:58,23.78,N/A,N/A,N/A,N/A,N/A
2026-09-12 01:08:00,23.54,N/A,N/A,N/A,N/A,N/A
2026-09-12 01:08:02,23.44,N/A,N/A,N/A,N/A,N/A
2026-09-12 01:08:04,23.23,N/A,N/A,N/A,N/A,N/A
2026-09-12 01:08:05,22.96,N/A,N/A,N/A,N/A,N/A
2026-09-12 01:08:07,22.7,N/A,N/A,N/A,N/A,N/A
2026-09-12 01:08:09,22.7,N/A,N/A,N/A,N/A,N/A
2026-09-12 01:09:23,22.12,N/A,N/A,N/A,N/A,N/A
2026-09-12 01:09:25,22.12,N/A,N/A,N/A,N/A,N/A
2026-09-12 01:11:10,22.13,N/A,N/A,N/A,N/A,N/A
2026-09-12 01:11:11,22.13,N/A,N/A,N/A,N/A,N/A
2026-09-12 01:11:13,22.13,N/A,N/A,N/A,N/A,N/A
2026-09-12 01:11:15,22.12,N/A,N/A,N/A,N/A,N/A
2026-09-12 01:11:17,22.12,N/A,N/A,N/A,N/A,N/A
2026-09-12 01:11:18,22.12,N/A,N/A,N/A,N/A,N/A
2026-09-12 01:11:20,22.12,N/A,N/A,N/A,N/A,N/A
2026-09-12 01:11:22,22.12,N/A,N/A,N/A,N/A,N/A
2026-09-12 01:21:35,22.13,N/A,N/A,N/A,N/A,N/A
2026-09-12 01:21:37,22.13,N/A,N/A,N/A,N/A,N/A
2026-09-12 01:21:39,22.13,N/A,N/A,N/A,N/A,N/A
2026-09-12 01:21:41,22.13,N/A,N/A,N/A,N/A,N/A
2026-09-12 01:21:42,22.13,N/A,N/A,N/A,N/A,N/A
2026-09-12 01:21:44,22.13,N/A,N/A,N/A,N/A,N/A
2026-09-12 01:21:46,22.13,N/A,N/A,N/A,N/A,N/A
2026-09-12 01:21:48,22.13,N/A,N/A,N/A,N/A,N/A
2026-09-12 01:21:49,22.13,N/A,N/A,N/A,N/A,N/A
2026-09-12 01:21:51,22.13,N/A,N/A,N/A,N/A,N/A
2026-09-12 01:21:53,22.13,N/A,N/A,N/A,N/A,N/A
2026-09-12 01:21:55,22.13,N/A,N/A,N/A,N/A,N/A
2026-09-12 01:21:56,22.13,N/A,N/A,N/A,N/A,N/A
2026-09-12 01:21:58,22.13,N/A,N/A,N/A,N/A,N/A
2026-09-12 01:22:00,22.13,N/A,N/A,N/A,N/A,N/A
2026-09-12 01:22:02,22.13,N/A,N/A,N/A,N/A,N/A
2026-09-12 01:22:03,22.13,N/A,N/A,N/A,N/A,N/A
2026-09-12 01:22:05,22.13,N/A,N/A,N/A,N/A,N/A
2026-09-12 01:22:07,22.13,N/A,N/A,N/A,N/A,N/A
2026-09-12 01:22:09,22.13,N/A,N/A,N/A,N/A,N/A
2026-09-12 01:22:10,22.13,N/A,N/A,N/A,N/A,N/A
2026-09-12 01:22:12,22.13,N/A,N/A,N/A,N/A,N/A
2026-09-12 01:22:14,22.13,N/A,N/A,N/A,N/A,N/A
2026-09-12 01:22:16,22.13,N/A,N/A,N/A,N/A,N/A
2026-09-12 01:22:17,22.13,N/A,N/A,N/A,N/A,N/A
2026-09-12 01:22:19,22.13,N/A,N/A,N/A,N/A,N/A
2026-09-12 01:22:21,22.13,N/A,N/A,N/A,N/A,N/A
2026-09-12 01:22:23,22.13,N/A,N/A,N/A,N/A,N/A
2026-09-12 01:22:24,22.13,N/A,N/A,N/A,N/A,N/A
2026-09-12 01:22:26,22.13,N/A,N/A,N/A,N/A,N/A
2026-09-12 01:22:28,22.13,N/A,N/A,N/A,N/A,N/A
2026-09-12 01:22:30,22.13,N/A,N/A,N/A,N/A,N/A
2026-09-12 01:22:31,22.13,N/A,N/A,N/A,N/A,N/A
2026-09-12 01:22:33,22.13,N/A,N/A,N/A,N/A,N/A
2026-09-12 01:23:25,22.13,N/A,N/A,N/A,N/A,N/A
2026-09-12 01:23:27,22.13,N/A,N/A,N/A,N/A,N/A
2026-09-12 01:23:29,22.13,N/A,N/A,N/A,N/A,N/A
2026-09-12 01:23:30,22.13,N/A,N/A,N/A,N/A,N/A
2026-09-12 01:23:32,22.13,N/A,N/A,N/A,N/A,N/A
2026-09-12 01:28:44,22.13,N/A,N/A,N/A,N/A,N/A
2026-09-12 01:28:46,22.13,N/A,N/A,N/A,N/A,N/A
2026-09-12 01:28:47,22.13,N/A,N/A,N/A,N/A,N/A
2026-09-12 01:28:49,22.13,N/A,N/A,N/A,N/A,N/A
2026-09-12 01:28:51,22.13,N/A,N/A,N/A,N/A,N/A
2026-09-12 01:28:53,22.13,N/A,N/A,N/A,N/A,N/A
2026-09-12 01:28:54,22.13,N/A,N/A,N/A,N/A,N/A
2026-09-12 01:28:56,22.13,N/A,N/A,N/A,N/A,N/A
2026-09-12 01:28:58,22.13,N/A,N/A,N/A,N/A,N/A
2026-09-12 01:29:00,22.13,N/A,N/A,N/A,N/A,N/A
2026-09-12 01:29:01,22.13,N/A,N/A,N/A,N/A,N/A
2026-09-12 01:29:03,22.13,N/A,N/A,N/A,N/A,N/A
2026-09-12 01:31:46,22.13,N/A,N/A,N/A,N/A,N/A
2026-09-12 01:31:48,22.13,N/A,N/A,N/A,N/A,N/A
2026-09-12 01:31:50,22.13,N/A,N/A,N/A,N/A,N/A
2026-09-12 01:31:51,22.13,N/A,N/A,N/A,N/A,N/A
2026-09-12 01:31:53,22.13,N/A,N/A,N/A,N/A,N/A
2026-09-12 01:31:55,22.13,N/A,N/A,N/A,N/A,N/A
2026-09-12 01:31:57,22.13,N/A,N/A,N/A,N/A,N/A
2026-09-12 01:31:58,22.13,N/A,N/A,N/A,N/A,N/A
2026-09-12 01:32:04,22.13,N/A,N/A,N/A,N/A,N/A
2026-09-12 01:32:05,22.13,N/A,N/A,N/A,N/A,N/A
2026-09-12 01:32:07,22.13,N/A,N/A,N/A,N/A,N/A
2026-09-12 01:32:09,22.13,N/A,N/A,N/A,N/A,N/A
2026-09-12 01:32:11,22.13,N/A,N/A,N/A,N/A,N/A
2026-09-12 01:32:12,22.13,N/A,N/A,N/A,N/A,N/A
2026-09-12 01:32:14,22.13,N/A,N/A,N/A,N/A,N/A
2026-09-12 01:32:16,22.13,N/A,N/A,N/A,N/A,N/A
2026-09-12 01:32:18,22.13,N/A,N/A,N/A,N/A,N/A
2026-09-12 01:32:19,22.13,N/A,N/A,N/A,N/A,N/A
2026-09-12 01:32:21,22.13,N/A,N/A,N/A,N/A,N/A
2026-09-12 01:33:09,22.13,N/A,N/A,N/A,N/A,N/A
2026-09-12 01:33:11,22.13,N/A,N/A,N/A,N/A,N/A
2026-09-12 01:33:13,22.13,N/A,N/A,N/A,N/A,N/A
2026-09-12 01:33:14,22.13,N/A,N/A,N/A,N/A,N/A
2026-09-12 01:33:16,22.13,N/A,N/A,N/A,N/A,N/A
2026-09-12 01:33:18,22.13,N/A,N/A,N/A,N/A,N/A
2026-09-12 01:33:20,22.13,N/A,N/A,N/A,N/A,N/A
2026-09-12 01:33:21,22.13,N/A,N/A,N/A,N/A,N/A
2026-09-12 01:33:23,22.13,N/A,N/A,N/A,N/A,N/A
2026-09-12 01:37:28,44.1,N/A,N/A,N/A,N/A,N/A
2026-09-12 01:37:30,44.1,N/A,N/A,N/A,N/A,N/A
2026-09-12 01:37:32,44.09,N/A,N/A,N/A,N/A,N/A
2026-09-12 01:37:34,44.09,N/A,N/A,N/A,N/A,N/A
2026-09-12 01:39:43,44.09,N/A,N/A,N/A,N/A,N/A
2026-09-12 01:39:44,44.09,N/A,N/A,N/A,N/A,N/A
2026-09-12 01:39:46,44.09,N/A,N/A,N/A,N/A,N/A
2026-09-12 01:39:48,44.09,N/A,N/A,N/A,N/A,N/A
2026-09-12 01:39:50,44.09,N/A,N/A,N/A,N/A,N/A
2026-09-12 01:40:37,44.09,N/A,N/A,N/A,N/A,N/A
2026-09-12 01:40:39,44.08,N/A,N/A,N/A,N/A,N/A
2026-09-12 01:40:41,44.09,N/A,N/A,N/A,N/A,N/A
2026-09-12 01:40:43,44.09,N/A,N/A,N/A,N/A,N/A
2026-09-12 01:40:44,44.09,N/A,N/A,N/A,N/A,N/A
2026-09-12 01:40:46,44.09,N/A,N/A,N/A,N/A,N/A
2026-09-12 01:40:48,44.09,N/A,N/A,N/A,N/A,N/A
2026-09-12 01:40:50,44.09,N/A,N/A,N/A,N/A,N/A
2026-09-12 01:40:51,44.09,N/A,N/A,N/A,N/A,N/A
2026-09-12 01:40:53,44.09,N/A,N/A,N/A,N/A,N/A
2026-09-12 01:40:55,44.09,N/A,N/A,N/A,N/A,N/A
2026-09-12 01:40:57,44.09,N/A,N/A,N/A,N/A,N/A
2026-09-12 01:40:58,44.09,N/A,N/A,N/A,N/A,N/A
2026-09-12 01:41:00,44.09,N/A,N/A,N/A,N/A,N/A
2026-09-12 01:41:02,44.09,N/A,N/A,N/A,N/A,N/A
2026-09-12 01:41:04,44.09,N/A,N/A,N/A,N/A,N/A
2026-09-12 01:41:05,44.09,N/A,N/A,N/A,N/A,N/A
2026-09-12 01:41:07,44.09,N/A,N/A,N/A,N/A,N/A
2026-09-12 01:41:09,44.09,N/A,N/A,N/A,N/A,N/A
2026-09-12 01:41:11,44.09,N/A,N/A,N/A,N/A,N/A
2026-09-12 01:41:12,44.09,N/A,N/A,N/A,N/A,N/A
2026-09-12 01:41:14,44.09,N/A,N/A,N/A,N/A,N/A
2026-09-12 01:41:16,44.09,N/A,N/A,N/A,N/A,N/A
2026-09-12 01:41:18,44.09,N/A,N/A,N/A,N/A,N/A
2026-09-12 01:41:19,44.09,N/A,N/A,N/A,N/A,N/A
2026-09-12 01:41:21,44.09,N/A,N/A,N/A,N/A,N/A
2026-09-12 01:41:23,44.09,N/A,N/A,N/A,N/A,N/A
2026-09-12 01:41:25,44.09,N/A,N/A,N/A,N/A,N/A
2026-09-12 01:41:26,44.09,N/A,N/A,N/A,N/A,N/A
2026-09-12 01:41:28,44.09,N/A,N/A,N/A,N/A,N/A
2026-09-12 01:41:30,44.09,N/A,N/A,N/A,N/A,N/A
2026-09-12 01:41:32,44.09,N/A,N/A,N/A,N/A,N/A
2026-09-12 01:41:33,44.09,N/A,N/A,N/A,N/A,N/A
2026-09-12 01:41:35,44.09,N/A,N/A,N/A,N/A,N/A
2026-09-12 01:42:14,44.09,N/A,N/A,N/A,N/A,N/A
2026-09-12 01:42:16,44.09,N/A,N/A,N/A,N/A,N/A
2026-09-12 01:42:18,44.09,N/A,N/A,N/A,N/A,N/A
2026-09-12 01:42:20,44.09,N/A,N/A,N/A,N/A,N/A
2026-09-12 01:42:21,44.09,N/A,N/A,N/A,N/A,N/A
2026-09-12 01:42:23,44.08,N/A,N/A,N/A,N/A,N/A
2026-09-12 01:42:25,44.08,N/A,N/A,N/A,N/A,N/A
2026-09-12 01:42:27,44.08,N/A,N/A,N/A,N/A,N/A
2026-09-12 01:42:28,44.08,N/A,N/A,N/A,N/A,N/A
2026-09-12 01:42:30,44.08,N/A,N/A,N/A,N/A,N/A
2026-09-12 01:42:32,44.08,N/A,N/A,N/A,N/A,N/A
2026-09-12 01:42:34,44.09,N/A,N/A,N/A,N/A,N/A
2026-09-12 01:42:35,44.09,N/A,N/A,N/A,N/A,N/A
2026-09-12 01:42:37,44.08,N/A,N/A,N/A,N/A,N/A
2026-09-12 01:42:39,44.08,N/A,N/A,N/A,N/A,N/A
2026-09-12 01:42:41,44.09,N/A,N/A,N/A,N/A,N/A
2026-09-12 01:42:42,44.09,N/A,N/A,N/A,N/A,N/A
2026-09-12 01:42:44,44.09,N/A,N/A,N/A,N/A,N/A
2026-09-12 01:42:46,44.09,N/A,N/A,N/A,N/A,N/A
2026-09-12 01:42:48,44.09,N/A,N/A,N/A,N/A,N/A
2026-09-12 01:42:49,44.09,N/A,N/A,N/A,N/A,N/A
2026-09-12 01:42:51,44.09,N/A,N/A,N/A,N/A,N/A
2026-09-12 01:42:53,44.08,N/A,N/A,N/A,N/A,N/A
2026-09-12 01:42:55,44.09,N/A,N/A,N/A,N/A,N/A
2026-09-12 01:44:26,44.12,N/A,N/A,N/A,N/A,N/A
2026-09-12 01:44:28,44.12,N/A,N/A,N/A,N/A,N/A
2026-09-12 01:44:30,44.12,N/A,N/A,N/A,N/A,N/A
2026-09-12 01:44:31,44.12,N/A,N/A,N/A,N/A,N/A
2026-09-12 01:44:33,44.12,N/A,N/A,N/A,N/A,N/A
2026-09-12 01:47:46,44.12,N/A,N/A,N/A,N/A,N/A
2026-09-12 01:47:48,44.11,N/A,N/A,N/A,N/A,N/A
2026-09-12 01:47:49,44.12,N/A,N/A,N/A,N/A,N/A
2026-09-12 01:47:51,44.11,N/A,N/A,N/A,N/A,N/A
2026-09-12 01:47:53,44.11,N/A,N/A,N/A,N/A,N/A
2026-09-12 01:47:55,44.11,N/A,N/A,N/A,N/A,N/A
2026-09-12 01:47:56,44.11,N/A,N/A,N/A,N/A,N/A
2026-09-12 01:47:58,44.11,N/A,N/A,N/A,N/A,N/A
2026-09-12 01:48:00,44.12,N/A,N/A,N/A,N/A,N/A
2026-09-12 01:48:02,44.11,N/A,N/A,N/A,N/A,N/A
2026-09-12 01:48:03,44.12,N/A,N/A,N/A,N/A,N/A
2026-09-12 01:48:05,44.12,N/A,N/A,N/A,N/A,N/A
2026-09-12 01:48:07,44.12,N/A,N/A,N/A,N/A,N/A
2026-09-12 01:52:45,44.11,N/A,N/A,N/A,N/A,N/A
2026-09-12 01:52:47,44.11,N/A,N/A,N/A,N/A,N/A
2026-09-12 01:52:49,44.11,N/A,N/A,N/A,N/A,N/A
2026-09-12 01:52:50,44.11,N/A,N/A,N/A,N/A,N/A
2026-09-12 01:52:52,44.11,N/A,N/A,N/A,N/A,N/A
2026-09-12 01:52:54,44.11,N/A,N/A,N/A,N/A,N/A
2026-09-12 01:52:56,44.11,N/A,N/A,N/A,N/A,N/A
2026-09-12 01:52:57,44.11,N/A,N/A,N/A,N/A,N/A
2026-09-12 01:52:59,44.11,N/A,N/A,N/A,N/A,N/A
2026-09-12 01:53:33,44.11,N/A,N/A,N/A,N/A,N/A
2026-09-12 01:53:35,44.11,N/A,N/A,N/A,N/A,N/A
2026-09-12 01:53:37,44.11,N/A,N/A,N/A,N/A,N/A
2026-09-12 01:53:38,44.11,N/A,N/A,N/A,N/A,N/A
2026-09-12 01:53:40,44.11,N/A,N/A,N/A,N/A,N/A
2026-09-12 01:53:42,44.11,N/A,N/A,N/A,N/A,N/A
2026-09-12 01:53:44,44.11,N/A,N/A,N/A,N/A,N/A
2026-09-12 01:53:45,44.11,N/A,N/A,N/A,N/A,N/A
2026-09-12 01:53:47,44.11,N/A,N/A,N/A,N/A,N/A
2026-09-12 01:53:49,44.11,N/A,N/A,N/A,N/A,N/A
2026-09-12 01:53:51,44.11,N/A,N/A,N/A,N/A,N/A
2026-09-12 01:53:52,44.11,N/A,N/A,N/A,N/A,N/A
2026-09-12 01:53:54,44.11,N/A,N/A,N/A,N/A,N/A
2026-09-12 01:53:56,44.11,N/A,N/A,N/A,N/A,N/A
2026-09-12 01:53:58,44.11,N/A,N/A,N/A,N/A,N/A
2026-09-12 01:53:59,44.11,N/A,N/A,N/A,N/A,N/A
2026-09-12 01:54:01,44.11,N/A,N/A,N/A,N/A,N/A
2026-09-12 01:54:03,44.11,N/A,N/A,N/A,N/A,N/A
2026-09-12 01:54:05,44.11,N/A,N/A,N/A,N/A,N/A
2026-09-12 01:54:06,44.11,N/A,N/A,N/A,N/A,N/A
2026-09-12 01:54:08,44.11,N/A,N/A,N/A,N/A,N/A
2026-09-12 01:54:10,44.11,N/A,N/A,N/A,N/A,N/A
2026-09-12 01:54:12,44.11,N/A,N/A,N/A,N/A,N/A
2026-09-12 01:54:13,44.11,N/A,N/A,N/A,N/A,N/A
2026-09-12 01:54:15,44.11,N/A,N/A,N/A,N/A,N/A
2026-09-12 01:54:17,44.11,N/A,N/A,N/A,N/A,N/A
2026-09-12 01:54:19,44.11,N/A,N/A,N/A,N/A,N/A
2026-09-12 01:54:20,44.11,N/A,N/A,N/A,N/A,N/A
2026-09-12 01:54:22,44.11,N/A,N/A,N/A,N/A,N/A
2026-09-12 01:54:24,44.11,N/A,N/A,N/A,N/A,N/A
2026-09-12 01:54:26,44.11,N/A,N/A,N/A,N/A,N/A
2026-09-12 01:54:27,44.11,N/A,N/A,N/A,N/A,N/A
2026-09-12 01:54:29,44.11,N/A,N/A,N/A,N/A,N/A
2026-09-12 01:54:31,44.11,N/A,N/A,N/A,N/A,N/A
2026-09-12 01:54:33,44.11,N/A,N/A,N/A,N/A,N/A
2026-09-12 01:54:34,44.11,N/A,N/A,N/A,N/A,N/A
2026-09-12 01:54:36,44.11,N/A,N/A,N/A,N/A,N/A
2026-09-12 01:54:38,44.11,N/A,N/A,N/A,N/A,N/A
2026-09-12 01:54:40,44.11,N/A,N/A,N/A,N/A,N/A
2026-09-12 01:54:41,44.11,N/A,N/A,N/A,N/A,N/A
2026-09-12 01:54:43,44.11,N/A,N/A,N/A,N/A,N/A
2026-09-12 01:54:45,44.11,N/A,N/A,N/A,N/A,N/A
2026-09-12 01:54:47,44.11,N/A,N/A,N/A,N/A,N/A
2026-09-12 01:54:48,44.11,N/A,N/A,N/A,N/A,N/A
2026-09-12 01:54:50,44.11,N/A,N/A,N/A,N/A,N/A
2026-09-12 01:54:52,44.11,N/A,N/A,N/A,N/A,N/A
2026-09-12 01:54:54,44.11,N/A,N/A,N/A,N/A,N/A
2026-09-12 01:55:45,44.11,N/A,N/A,N/A,N/A,N/A
2026-09-12 01:55:46,44.11,N/A,N/A,N/A,N/A,N/A
2026-09-12 01:55:48,44.11,N/A,N/A,N/A,N/A,N/A
2026-09-12 01:55:50,44.11,N/A,N/A,N/A,N/A,N/A
2026-09-12 01:55:52,44.11,N/A,N/A,N/A,N/A,N/A
2026-09-12 01:55:53,44.11,N/A,N/A,N/A,N/A,N/A
2026-09-12 01:55:55,44.11,N/A,N/A,N/A,N/A,N/A
2026-09-12 01:55:57,44.11,N/A,N/A,N/A,N/A,N/A
2026-09-12 01:55:59,44.11,N/A,N/A,N/A,N/A,N/A
2026-09-12 01:56:00,44.11,N/A,N/A,N/A,N/A,N/A
2026-09-12 01:56:02,44.11,N/A,N/A,N/A,N/A,N/A
2026-09-12 01:56:04,44.11,N/A,N/A,N/A,N/A,N/A
2026-09-12 01:56:06,44.11,N/A,N/A,N/A,N/A,N/A
2026-09-12 01:56:07,44.11,N/A,N/A,N/A,N/A,N/A
2026-09-12 01:56:09,44.11,N/A,N/A,N/A,N/A,N/A
2026-09-12 01:56:11,44.11,N/A,N/A,N/A,N/A,N/A
2026-09-12 01:56:13,44.11,N/A,N/A,N/A,N/A,N/A
2026-09-12 01:56:14,44.11,N/A,N/A,N/A,N/A,N/A
2026-09-12 01:56:16,44.11,N/A,N/A,N/A,N/A,N/A
2026-09-12 01:56:18,44.11,N/A,N/A,N/A,N/A,N/A
2026-09-12 01:56:20,44.11,N/A,N/A,N/A,N/A,N/A
2026-09-12 01:56:21,44.11,N/A,N/A,N/A,N/A,N/A
2026-09-12 01:56:23,44.11,N/A,N/A,N/A,N/A,N/A
2026-09-12 01:56:25,44.11,N/A,N/A,N/A,N/A,N/A
2026-09-12 01:56:27,44.11,N/A,N/A,N/A,N/A,N/A
2026-09-12 01:56:28,44.11,N/A,N/A,N/A,N/A,N/A
2026-09-12 01:56:30,44.11,N/A,N/A,N/A,N/A,N/A
2026-09-12 01:56:32,44.11,N/A,N/A,N/A,N/A,N/A
2026-09-12 01:56:34,44.11,N/A,N/A,N/A,N/A,N/A
2026-09-12 01:56:35,44.11,N/A,N/A,N/A,N/A,N/A
2026-09-12 01:56:37,44.11,N/A,N/A,N/A,N/A,N/A
2026-09-12 01:56:39,44.11,N/A,N/A,N/A,N/A,N/A
2026-09-12 01:56:41,44.11,N/A,N/A,N/A,N/A,N/A
2026-09-12 01:56:42,44.11,N/A,N/A,N/A,N/A,N/A
2026-09-12 01:56:44,44.11,N/A,N/A,N/A,N/A,N/A
2026-09-12 01:56:46,44.11,N/A,N/A,N/A,N/A,N/A
2026-09-12 01:56:48,44.11,N/A,N/A,N/A,N/A,N/A
2026-09-12 01:56:49,44.11,N/A,N/A,N/A,N/A,N/A
2026-09-12 01:56:51,44.11,N/A,N/A,N/A,N/A,N/A
2026-09-12 01:56:53,44.11,N/A,N/A,N/A,N/A,N/A
2026-09-12 01:56:55,44.11,N/A,N/A,N/A,N/A,N/A
2026-09-12 01:56:56,44.11,N/A,N/A,N/A,N/A,N/A
2026-09-12 01:56:58,44.11,N/A,N/A,N/A,N/A,N/A
2026-09-14 08:20:19,14.51,N/A,N/A,N/A,N/A,N/A
2026-09-14 08:20:20,14.51,N/A,N/A,N/A,N/A,N/A
2026-09-14 08:20:22,14.51,N/A,N/A,N/A,N/A,N/A
2026-09-14 08:20:24,14.51,N/A,N/A,N/A,N/A,N/A
2026-09-14 08:20:26,14.51,N/A,N/A,N/A,N/A,N/A
2026-09-14 08:20:27,14.51,N/A,N/A,N/A,N/A,N/A
2026-09-14 08:20:29,14.51,N/A,N/A,N/A,N/A,N/A
2026-09-14 08:20:31,14.51,N/A,N/A,N/A,N/A,N/A
2026-09-14 08:45:54,14.51,N/A,N/A,N/A,N/A,N/A
2026-09-14 08:45:56,14.51,N/A,N/A,N/A,N/A,N/A
2026-09-14 08:45:57,14.51,N/A,N/A,N/A,N/A,N/A
2026-09-14 08:45:59,14.51,N/A,N/A,N/A,N/A,N/A
2026-09-14 08:46:01,14.51,N/A,N/A,N/A,N/A,N/A
2026-09-14 08:46:03,14.51,N/A,N/A,N/A,N/A,N/A
2026-09-14 08:46:04,14.51,N/A,N/A,N/A,N/A,N/A
2026-09-14 08:46:06,14.51,N/A,N/A,N/A,N/A,N/A
2026-09-14 08:46:08,14.51,N/A,N/A,N/A,N/A,N/A
2026-09-14 08:46:10,14.51,N/A,N/A,N/A,N/A,N/A
2026-09-14 08:46:11,14.51,N/A,N/A,N/A,N/A,N/A
2026-09-14 08:46:13,14.51,N/A,N/A,N/A,N/A,N/A
2026-09-14 08:46:15,14.51,N/A,N/A,N/A,N/A,N/A
2026-09-14 08:46:17,14.51,N/A,N/A,N/A,N/A,N/A
2026-09-14 08:46:18,14.51,N/A,N/A,N/A,N/A,N/A
2026-09-14 08:46:20,14.51,N/A,N/A,N/A,N/A,N/A
2026-09-14 08:46:22,14.51,N/A,N/A,N/A,N/A,N/A
2026-09-14 08:52:34,11.73,N/A,N/A,N/A,N/A,N/A
2026-09-14 08:52:36,11.73,N/A,N/A,N/A,N/A,N/A
2026-09-14 08:52:38,11.73,N/A,N/A,N/A,N/A,N/A
2026-09-14 08:52:39,11.73,N/A,N/A,N/A,N/A,N/A
2026-09-14 08:52:41,11.73,N/A,N/A,N/A,N/A,N/A
2026-09-14 08:52:43,11.73,N/A,N/A,N/A,N/A,N/A
2026-09-14 08:52:45,11.73,N/A,N/A,N/A,N/A,N/A
2026-09-14 08:52:46,11.73,N/A,N/A,N/A,N/A,N/A
2026-09-14 08:52:48,11.73,N/A,N/A,N/A,N/A,N/A
2026-09-14 08:52:50,11.73,N/A,N/A,N/A,N/A,N/A
2026-09-14 08:52:52,11.73,N/A,N/A,N/A,N/A,N/A
2026-09-14 08:52:53,11.73,N/A,N/A,N/A,N/A,N/A
2026-09-14 08:52:55,11.73,N/A,N/A,N/A,N/A,N/A
2026-09-14 09:08:07,11.73,N/A,N/A,N/A,N/A,N/A
2026-09-14 09:08:09,11.73,N/A,N/A,N/A,N/A,N/A
2026-09-14 09:08:10,11.73,N/A,N/A,N/A,N/A,N/A
2026-09-14 09:08:12,11.73,N/A,N/A,N/A,N/A,N/A
2026-09-14 09:08:14,11.73,N/A,N/A,N/A,N/A,N/A
2026-09-14 09:08:16,11.73,N/A,N/A,N/A,N/A,N/A
2026-09-14 09:08:17,11.73,N/A,N/A,N/A,N/A,N/A
2026-09-14 09:08:19,11.73,N/A,N/A,N/A,N/A,N/A
2026-09-14 09:08:21,11.73,N/A,N/A,N/A,N/A,N/A
2026-09-14 09:08:23,11.73,N/A,N/A,N/A,N/A,N/A
2026-09-14 09:08:24,11.73,N/A,N/A,N/A,N/A,N/A
2026-09-14 09:08:26,11.73,N/A,N/A,N/A,N/A,N/A
2026-09-14 09:08:28,11.73,N/A,N/A,N/A,N/A,N/A
2026-09-14 09:08:30,11.73,N/A,N/A,N/A,N/A,N/A
2026-09-14 09:08:31,11.74,N/A,N/A,N/A,N/A,N/A
2026-09-14 09:08:33,11.73,N/A,N/A,N/A,N/A,N/A
2026-09-14 09:08:35,11.73,N/A,N/A,N/A,N/A,N/A
2026-09-14 09:08:37,11.73,N/A,N/A,N/A,N/A,N/A
2026-09-14 09:08:38,11.73,N/A,N/A,N/A,N/A,N/A
2026-09-14 09:08:40,11.73,N/A,N/A,N/A,N/A,N/A
2026-09-14 09:53:42,11.73,N/A,N/A,N/A,N/A,N/A
2026-09-14 09:53:44,11.73,N/A,N/A,N/A,N/A,N/A
2026-09-14 09:53:45,11.73,N/A,N/A,N/A,N/A,N/A
2026-09-14 10:04:13,11.7,N/A,N/A,N/A,N/A,N/A
2026-09-14 10:04:15,11.7,N/A,N/A,N/A,N/A,N/A
2026-09-14 10:04:17,11.7,N/A,N/A,N/A,N/A,N/A
2026-09-14 10:04:22,11.7,N/A,N/A,N/A,N/A,N/A
2026-09-14 10:04:24,11.7,N/A,N/A,N/A,N/A,N/A
2026-09-14 10:04:25,11.7,N/A,N/A,N/A,N/A,N/A
2026-09-14 10:04:27,11.7,N/A,N/A,N/A,N/A,N/A
2026-09-14 10:04:29,11.7,N/A,N/A,N/A,N/A,N/A
2026-09-14 10:04:31,11.7,N/A,N/A,N/A,N/A,N/A
2026-09-14 10:04:32,11.7,N/A,N/A,N/A,N/A,N/A
2026-09-14 10:04:34,11.7,N/A,N/A,N/A,N/A,N/A
2026-09-14 10:04:36,11.7,N/A,N/A,N/A,N/A,N/A
2026-09-14 10:04:38,11.7,N/A,N/A,N/A,N/A,N/A
2026-09-14 10:04:39,11.7,N/A,N/A,N/A,N/A,N/A
2026-09-14 10:04:41,11.7,N/A,N/A,N/A,N/A,N/A
2026-09-14 10:04:43,11.7,N/A,N/A,N/A,N/A,N/A
2026-09-14 10:04:45,11.7,N/A,N/A,N/A,N/A,N/A
2026-09-14 10:04:46,11.7,N/A,N/A,N/A,N/A,N/A
2026-09-14 10:04:48,11.7,N/A,N/A,N/A,N/A,N/A
2026-09-14 10:04:50,11.7,N/A,N/A,N/A,N/A,N/A
2026-09-14 10:04:52,11.7,N/A,N/A,N/A,N/A,N/A
2026-09-14 10:04:53,11.7,N/A,N/A,N/A,N/A,N/A
2026-09-14 10:04:55,11.7,N/A,N/A,N/A,N/A,N/A
2026-09-14 10:04:57,11.7,N/A,N/A,N/A,N/A,N/A
2026-09-14 10:04:59,11.7,N/A,N/A,N/A,N/A,N/A
2026-09-14 10:05:00,11.7,N/A,N/A,N/A,N/A,N/A
2026-09-14 10:05:02,20.22,N/A,N/A,N/A,N/A,N/A
2026-09-14 10:05:04,20.22,N/A,N/A,N/A,N/A,N/A
2026-09-14 10:05:06,20.22,N/A,N/A,N/A,N/A,N/A
2026-09-14 10:05:07,20.25,N/A,N/A,N/A,N/A,N/A
2026-09-14 10:05:09,20.25,N/A,N/A,N/A,N/A,N/A
2026-09-14 10:05:11,20.25,N/A,N/A,N/A,N/A,N/A
2026-09-14 10:05:13,20.25,N/A,N/A,N/A,N/A,N/A
2026-09-14 10:05:14,20.25,N/A,N/A,N/A,N/A,N/A
2026-09-14 10:05:16,20.25,N/A,N/A,N/A,N/A,N/A
2026-09-14 10:05:18,20.25,N/A,N/A,N/A,N/A,N/A
2026-09-14 10:05:20,20.25,N/A,N/A,N/A,N/A,N/A
2026-09-14 10:18:53,20.25,N/A,N/A,N/A,N/A,N/A
2026-09-14 10:18:55,20.25,N/A,N/A,N/A,N/A,N/A
2026-09-14 10:18:57,20.25,N/A,N/A,N/A,N/A,N/A
2026-09-14 10:18:59,20.25,N/A,N/A,N/A,N/A,N/A
2026-09-14 10:19:00,20.25,N/A,N/A,N/A,N/A,N/A
2026-09-14 10:19:02,20.25,N/A,N/A,N/A,N/A,N/A
2026-09-14 10:19:04,20.25,N/A,N/A,N/A,N/A,N/A
2026-09-14 10:19:06,20.25,N/A,N/A,N/A,N/A,N/A
2026-09-14 10:19:07,20.25,N/A,N/A,N/A,N/A,N/A
2026-09-14 10:19:09,20.25,N/A,N/A,N/A,N/A,N/A
2026-09-14 10:19:11,20.25,N/A,N/A,N/A,N/A,N/A
2026-09-14 10:19:13,20.25,N/A,N/A,N/A,N/A,N/A
2026-09-14 10:19:14,20.25,N/A,N/A,N/A,N/A,N/A
2026-09-14 10:19:16,20.25,N/A,N/A,N/A,N/A,N/A
2026-09-14 10:19:18,20.25,N/A,N/A,N/A,N/A,N/A
2026-09-14 10:19:20,20.25,N/A,N/A,N/A,N/A,N/A
2026-09-14 10:19:21,20.25,N/A,N/A,N/A,N/A,N/A
2026-09-14 10:19:23,20.25,N/A,N/A,N/A,N/A,N/A
2026-09-14 10:19:25,20.25,N/A,N/A,N/A,N/A,N/A
2026-09-14 10:19:27,20.25,N/A,N/A,N/A,N/A,N/A
2026-09-14 10:19:28,20.25,N/A,N/A,N/A,N/A,N/A
2026-09-14 10:19:30,20.25,N/A,N/A,N/A,N/A,N/A
2026-09-14 10:19:32,20.25,N/A,N/A,N/A,N/A,N/A
2026-09-14 10:19:34,20.25,N/A,N/A,N/A,N/A,N/A
2026-09-14 10:19:35,20.25,N/A,N/A,N/A,N/A,N/A
2026-09-14 10:19:37,20.25,N/A,N/A,N/A,N/A,N/A
2026-09-14 10:19:39,20.25,N/A,N/A,N/A,N/A,N/A
2026-09-14 10:19:41,20.25,N/A,N/A,N/A,N/A,N/A
2026-09-14 10:19:42,20.25,N/A,N/A,N/A,N/A,N/A
2026-09-14 10:19:44,20.25,N/A,N/A,N/A,N/A,N/A
2026-09-14 10:19:46,20.25,N/A,N/A,N/A,N/A,N/A
2026-09-14 10:19:48,20.25,N/A,N/A,N/A,N/A,N/A
2026-09-14 10:19:49,20.25,N/A,N/A,N/A,N/A,N/A
2026-09-14 10:19:51,20.25,N/A,N/A,N/A,N/A,N/A
2026-09-14 10:19:53,20.25,N/A,N/A,N/A,N/A,N/A
2026-09-14 10:19:55,20.25,N/A,N/A,N/A,N/A,N/A
2026-09-14 10:19:56,20.25,N/A,N/A,N/A,N/A,N/A
2026-09-14 10:19:58,20.25,N/A,N/A,N/A,N/A,N/A
2026-09-14 10:20:00,20.25,N/A,N/A,N/A,N/A,N/A
2026-09-14 10:20:02,20.25,N/A,N/A,N/A,N/A,N/A
2026-09-14 10:20:03,20.25,N/A,N/A,N/A,N/A,N/A
2026-09-14 10:20:05,20.25,N/A,N/A,N/A,N/A,N/A
2026-09-14 10:20:07,20.25,N/A,N/A,N/A,N/A,N/A
2026-09-14 10:20:09,20.25,N/A,N/A,N/A,N/A,N/A
2026-09-14 10:20:10,20.25,N/A,N/A,N/A,N/A,N/A
2026-09-14 10:20:12,20.25,N/A,N/A,N/A,N/A,N/A
2026-09-14 10:20:14,20.25,N/A,N/A,N/A,N/A,N/A
2026-09-14 10:20:16,20.25,N/A,N/A,N/A,N/A,N/A
2026-09-14 10:20:17,20.25,N/A,N/A,N/A,N/A,N/A
2026-09-14 10:20:19,20.25,N/A,N/A,N/A,N/A,N/A
2026-09-14 10:20:21,20.25,N/A,N/A,N/A,N/A,N/A
2026-09-14 10:20:23,20.25,N/A,N/A,N/A,N/A,N/A
2026-09-14 10:20:24,20.25,N/A,N/A,N/A,N/A,N/A
2026-09-14 10:20:26,20.25,N/A,N/A,N/A,N/A,N/A
2026-09-14 10:20:28,20.25,N/A,N/A,N/A,N/A,N/A
2026-09-14 10:20:30,20.25,N/A,N/A,N/A,N/A,N/A
2026-09-14 10:20:31,20.25,N/A,N/A,N/A,N/A,N/A
2026-09-14 10:20:33,20.25,N/A,N/A,N/A,N/A,N/A
2026-09-14 10:20:35,20.25,N/A,N/A,N/A,N/A,N/A
2026-09-14 10:20:37,20.25,N/A,N/A,N/A,N/A,N/A
2026-09-14 10:20:38,20.25,N/A,N/A,N/A,N/A,N/A
2026-09-14 10:20:40,20.25,N/A,N/A,N/A,N/A,N/A
2026-09-14 10:20:42,20.25,N/A,N/A,N/A,N/A,N/A
2026-09-14 10:20:44,20.25,N/A,N/A,N/A,N/A,N/A
2026-09-14 10:20:45,20.25,N/A,N/A,N/A,N/A,N/A
2026-09-14 10:20:47,20.25,N/A,N/A,N/A,N/A,N/A
2026-09-14 10:20:49,20.25,N/A,N/A,N/A,N/A,N/A
2026-09-14 10:20:51,20.25,N/A,N/A,N/A,N/A,N/A
2026-09-14 10:20:52,20.25,N/A,N/A,N/A,N/A,N/A
2026-09-14 10:20:54,20.25,N/A,N/A,N/A,N/A,N/A
2026-09-14 10:20:56,20.25,N/A,N/A,N/A,N/A,N/A
2026-09-14 10:20:58,20.25,N/A,N/A,N/A,N/A,N/A
2026-09-14 10:20:59,20.25,N/A,N/A,N/A,N/A,N/A
2026-09-14 10:21:01,20.25,N/A,N/A,N/A,N/A,N/A
2026-09-14 10:21:03,20.25,N/A,N/A,N/A,N/A,N/A
2026-09-14 10:21:05,20.25,N/A,N/A,N/A,N/A,N/A
2026-09-14 10:21:06,20.25,N/A,N/A,N/A,N/A,N/A
2026-09-14 10:21:08,20.25,N/A,N/A,N/A,N/A,N/A
2026-09-14 10:21:10,20.25,N/A,N/A,N/A,N/A,N/A
2026-09-14 10:21:12,20.25,N/A,N/A,N/A,N/A,N/A
2026-09-14 10:21:13,20.25,N/A,N/A,N/A,N/A,N/A
2026-09-14 10:21:15,20.25,N/A,N/A,N/A,N/A,N/A
2026-09-14 10:21:17,20.25,N/A,N/A,N/A,N/A,N/A
2026-09-14 10:21:19,20.25,N/A,N/A,N/A,N/A,N/A
2026-09-14 10:21:20,20.24,N/A,N/A,N/A,N/A,N/A
2026-09-14 10:21:31,20.25,N/A,N/A,N/A,N/A,N/A
2026-09-14 10:21:33,20.25,N/A,N/A,N/A,N/A,N/A
2026-09-14 10:21:35,20.25,N/A,N/A,N/A,N/A,N/A
2026-09-14 10:21:37,20.25,N/A,N/A,N/A,N/A,N/A
2026-09-14 10:21:38,20.25,N/A,N/A,N/A,N/A,N/A
2026-09-14 10:21:40,20.25,N/A,N/A,N/A,N/A,N/A
2026-09-14 10:21:42,20.25,N/A,N/A,N/A,N/A,N/A
2026-09-14 10:21:44,20.25,N/A,N/A,N/A,N/A,N/A
2026-09-14 10:21:45,20.25,N/A,N/A,N/A,N/A,N/A
2026-09-14 10:21:47,20.25,N/A,N/A,N/A,N/A,N/A
2026-09-14 10:21:49,20.25,N/A,N/A,N/A,N/A,N/A
2026-09-14 10:21:53,20.25,N/A,N/A,N/A,N/A,N/A
2026-09-14 10:21:55,20.25,N/A,N/A,N/A,N/A,N/A
2026-09-14 10:21:57,20.25,N/A,N/A,N/A,N/A,N/A
2026-09-14 10:21:58,20.25,N/A,N/A,N/A,N/A,N/A
2026-09-14 10:22:00,20.25,N/A,N/A,N/A,N/A,N/A
2026-09-14 10:22:02,20.25,N/A,N/A,N/A,N/A,N/A
2026-09-14 10:22:04,20.25,N/A,N/A,N/A,N/A,N/A
2026-09-14 10:22:05,20.25,N/A,N/A,N/A,N/A,N/A
2026-09-14 10:22:07,20.25,N/A,N/A,N/A,N/A,N/A
2026-09-14 10:22:09,20.25,N/A,N/A,N/A,N/A,N/A
2026-09-14 11:11:14,20.27,N/A,N/A,N/A,N/A,N/A
2026-09-14 11:11:15,20.27,N/A,N/A,N/A,N/A,N/A
2026-09-14 11:11:17,20.27,N/A,N/A,N/A,N/A,N/A
2026-09-14 11:11:19,20.27,N/A,N/A,N/A,N/A,N/A
2026-09-14 11:11:21,20.27,N/A,N/A,N/A,N/A,N/A
2026-09-14 11:11:22,20.27,N/A,N/A,N/A,N/A,N/A
2026-09-14 11:12:58,20.27,N/A,N/A,N/A,N/A,N/A
2026-09-14 11:13:00,20.27,N/A,N/A,N/A,N/A,N/A
2026-09-14 11:13:02,20.27,N/A,N/A,N/A,N/A,N/A
2026-09-14 11:13:03,20.27,N/A,N/A,N/A,N/A,N/A
2026-09-14 11:21:47,20.27,N/A,N/A,N/A,N/A,N/A
2026-09-14 11:21:49,20.27,N/A,N/A,N/A,N/A,N/A
2026-09-14 11:21:50,20.27,N/A,N/A,N/A,N/A,N/A
2026-09-14 11:21:52,20.27,N/A,N/A,N/A,N/A,N/A
2026-09-14 11:21:54,20.27,N/A,N/A,N/A,N/A,N/A
2026-09-14 11:21:56,20.27,N/A,N/A,N/A,N/A,N/A
2026-09-14 11:21:57,20.27,N/A,N/A,N/A,N/A,N/A
2026-09-14 11:21:59,20.27,N/A,N/A,N/A,N/A,N/A
2026-09-14 11:22:01,20.27,N/A,N/A,N/A,N/A,N/A
2026-09-14 11:22:03,20.27,N/A,N/A,N/A,N/A,N/A
2026-09-14 11:22:04,20.27,N/A,N/A,N/A,N/A,N/A
2026-09-14 11:22:06,20.27,N/A,N/A,N/A,N/A,N/A
2026-09-14 11:22:08,20.26,N/A,N/A,N/A,N/A,N/A
2026-09-14 11:22:10,20.27,N/A,N/A,N/A,N/A,N/A
2026-09-14 11:22:11,20.27,N/A,N/A,N/A,N/A,N/A
2026-09-14 11:22:13,20.27,N/A,N/A,N/A,N/A,N/A
2026-09-14 11:22:15,20.27,N/A,N/A,N/A,N/A,N/A
2026-09-14 11:22:17,20.27,N/A,N/A,N/A,N/A,N/A
2026-09-30 11:45:52,18.5,N/A,N/A,N/A,N/A,N/A
2026-09-30 11:45:53,18.5,N/A,N/A,N/A,N/A,N/A
2026-09-30 11:45:55,18.5,N/A,N/A,N/A,N/A,N/A
2026-09-30 11:45:57,18.5,N/A,N/A,N/A,N/A,N/A
2026-09-30 11:45:59,18.5,N/A,N/A,N/A,N/A,N/A
2026-09-30 11:46:00,18.5,N/A,N/A,N/A,N/A,N/A
2026-09-30 11:46:02,18.5,N/A,N/A,N/A,N/A,N/A
2026-09-30 11:46:04,18.5,N/A,N/A,N/A,N/A,N/A
2026-09-30 11:46:06,18.5,N/A,N/A,N/A,N/A,N/A
2026-09-30 11:46:07,18.5,N/A,N/A,N/A,N/A,N/A
2026-09-30 11:46:09,18.5,N/A,N/A,N/A,N/A,N/A
2026-09-30 11:46:11,18.5,N/A,N/A,N/A,N/A,N/A
2026-09-30 11:46:13,18.5,N/A,N/A,N/A,N/A,N/A
2026-09-30 11:46:14,18.5,N/A,N/A,N/A,N/A,N/A
2026-09-30 11:46:16,18.5,N/A,N/A,N/A,N/A,N/A
2026-09-30 11:46:18,18.5,N/A,N/A,N/A,N/A,N/A
2026-09-30 11:46:20,18.5,N/A,N/A,N/A,N/A,N/A
2026-09-30 11:46:21,18.5,N/A,N/A,N/A,N/A,N/A
2026-09-30 11:46:23,18.5,N/A,N/A,N/A,N/A,N/A
2026-09-30 11:46:25,18.5,N/A,N/A,N/A,N/A,N/A
2026-09-30 11:46:27,18.5,N/A,N/A,N/A,N/A,N/A
2026-09-30 11:46:28,18.5,N/A,N/A,N/A,N/A,N/A
2026-09-30 11:46:30,18.5,N/A,N/A,N/A,N/A,N/A
2026-09-30 11:46:32,18.5,N/A,N/A,N/A,N/A,N/A
2026-09-30 11:46:34,18.5,N/A,N/A,N/A,N/A,N/A
2026-09-30 11:46:35,18.5,N/A,N/A,N/A,N/A,N/A
2026-09-30 11:46:37,18.5,N/A,N/A,N/A,N/A,N/A
2026-09-30 11:46:39,18.5,N/A,N/A,N/A,N/A,N/A
2026-09-30 11:46:41,18.5,N/A,N/A,N/A,N/A,N/A
2026-09-30 11:46:42,18.5,N/A,N/A,N/A,N/A,N/A
2026-09-30 11:46:44,18.5,N/A,N/A,N/A,N/A,N/A
2026-09-30 11:46:46,18.5,N/A,N/A,N/A,N/A,N/A
2026-09-30 11:46:48,18.5,N/A,N/A,N/A,N/A,N/A
2026-09-30 11:46:49,18.5,N/A,N/A,N/A,N/A,N/A
2026-09-30 11:46:51,18.49,N/A,N/A,N/A,N/A,N/A
2026-09-30 11:46:53,18.5,N/A,N/A,N/A,N/A,N/A
2026-09-30 11:46:55,18.5,N/A,N/A,N/A,N/A,N/A
2026-09-30 11:46:56,18.5,N/A,N/A,N/A,N/A,N/A
2026-09-30 11:46:58,18.49,N/A,N/A,N/A,N/A,N/A
2026-09-30 11:47:00,18.49,N/A,N/A,N/A,N/A,N/A
2026-09-30 11:47:02,18.5,N/A,N/A,N/A,N/A,N/A
2026-09-30 11:47:03,18.49,N/A,N/A,N/A,N/A,N/A
2026-09-30 11:47:05,18.49,N/A,N/A,N/A,N/A,N/A
2026-09-30 11:47:07,18.49,N/A,N/A,N/A,N/A,N/A
2026-09-30 11:47:09,18.49,N/A,N/A,N/A,N/A,N/A
2026-09-30 11:47:10,18.49,N/A,N/A,N/A,N/A,N/A
2026-09-30 11:47:12,18.49,N/A,N/A,N/A,N/A,N/A
2026-09-30 11:47:14,18.49,N/A,N/A,N/A,N/A,N/A
2026-09-30 11:47:16,18.49,N/A,N/A,N/A,N/A,N/A
2026-09-30 11:47:17,18.49,N/A,N/A,N/A,N/A,N/A
2026-09-30 11:47:19,18.49,N/A,N/A,N/A,N/A,N/A
2026-09-30 11:47:21,18.49,N/A,N/A,N/A,N/A,N/A
2026-09-30 11:47:23,18.49,N/A,N/A,N/A,N/A,N/A
2026-09-30 11:47:24,18.49,N/A,N/A,N/A,N/A,N/A
2026-09-30 11:47:26,29.68,N/A,N/A,N/A,N/A,N/A
2026-09-30 11:47:28,29.69,N/A,N/A,N/A,N/A,N/A
2026-09-30 11:47:30,29.69,N/A,N/A,N/A,N/A,N/A
2026-09-30 11:47:31,29.69,N/A,N/A,N/A,N/A,N/A
2026-09-30 11:47:33,29.69,N/A,N/A,N/A,N/A,N/A
2026-09-30 11:47:35,29.69,N/A,N/A,N/A,N/A,N/A
2026-09-30 11:47:37,29.69,N/A,N/A,N/A,N/A,N/A
2026-10-05 14:53:51,29.73,N/A,N/A,N/A,N/A,N/A
2026-10-05 14:53:52,29.73,N/A,N/A,N/A,N/A,N/A
2026-10-05 14:53:54,29.73,N/A,N/A,N/A,N/A,N/A
2026-10-05 14:53:56,29.73,N/A,N/A,N/A,N/A,N/A
2026-10-05 14:53:57,29.73,N/A,N/A,N/A,N/A,N/A
2026-10-05 14:53:59,29.73,N/A,N/A,N/A,N/A,N/A
2026-10-05 14:54:01,29.73,N/A,N/A,N/A,N/A,N/A
2026-10-05 14:54:03,29.73,N/A,N/A,N/A,N/A,N/A
2026-10-05 14:54:05,29.73,N/A,N/A,N/A,N/A,N/A
2026-10-05 14:54:06,29.73,N/A,N/A,N/A,N/A,N/A
2026-10-05 14:54:08,29.73,N/A,N/A,N/A,N/A,N/A
2026-10-05 14:54:10,29.73,N/A,N/A,N/A,N/A,N/A
2026-10-05 14:54:11,29.73,N/A,N/A,N/A,N/A,N/A
2026-10-05 14:54:13,29.73,N/A,N/A,N/A,N/A,N/A
2026-10-05 14:54:15,29.73,N/A,N/A,N/A,N/A,N/A
2026-10-05 14:54:17,29.73,N/A,N/A,N/A,N/A,N/A
2026-10-05 14:54:18,29.73,N/A,N/A,N/A,N/A,N/A
2026-10-05 14:54:20,29.73,N/A,N/A,N/A,N/A,N/A
2026-10-05 14:54:22,29.73,N/A,N/A,N/A,N/A,N/A
2026-10-05 14:54:24,29.73,N/A,N/A,N/A,N/A,N/A
2026-10-05 14:54:25,29.73,N/A,N/A,N/A,N/A,N/A
2026-10-05 14:54:27,29.73,N/A,N/A,N/A,N/A,N/A
2026-10-05 14:54:29,29.73,N/A,N/A,N/A,N/A,N/A
2026-10-05 14:54:31,29.73,N/A,N/A,N/A,N/A,N/A
2026-10-05 14:54:32,29.73,N/A,N/A,N/A,N/A,N/A
2026-10-05 14:54:34,29.73,N/A,N/A,N/A,N/A,N/A
2026-10-05 14:54:36,29.73,N/A,N/A,N/A,N/A,N/A
2026-10-05 14:54:38,29.73,N/A,N/A,N/A,N/A,N/A
2026-10-05 14:54:39,29.73,N/A,N/A,N/A,N/A,N/A
2026-10-05 14:54:41,29.73,N/A,N/A,N/A,N/A,N/A
2026-10-05 14:54:43,29.73,N/A,N/A,N/A,N/A,N/A
2026-10-05 14:54:45,29.73,N/A,N/A,N/A,N/A,N/A
2026-10-05 14:54:46,29.73,N/A,N/A,N/A,N/A,N/A
2026-10-05 14:54:48,29.73,N/A,N/A,N/A,N/A,N/A
2026-10-07 08:35:33,7423.45,N/A,7406.03,N/A,N/A,N/A
2026-10-07 08:35:36,7423.72,N/A,7406.05,N/A,N/A,N/A
2026-10-07 08:35:38,7423.31,N/A,7406.01,N/A,N/A,N/A
2026-10-07 08:35:40,7423.42,N/A,7406.0,N/A,N/A,N/A
2026-10-07 08:35:41,7423.42,N/A,7406.02,N/A,N/A,N/A
2026-10-07 08:35:43,7423.39,N/A,7405.96,N/A,N/A,N/A
2026-10-07 08:35:45,7423.51,N/A,7406.05,N/A,N/A,N/A
2026-10-07 08:35:47,7423.26,N/A,7406.02,N/A,N/A,N/A
2026-10-07 08:35:48,7423.42,N/A,7405.98,N/A,N/A,N/A
2026-10-07 08:35:50,7423.49,N/A,7406.03,N/A,N/A,N/A
2026-10-07 08:35:52,7423.41,N/A,7406.03,N/A,N/A,N/A
2026-10-07 08:35:55,7423.27,N/A,7406.01,N/A,N/A,N/A
2026-10-07 08:35:57,7423.73,N/A,7406.03,N/A,N/A,N/A
2026-10-07 09:35:36,7423.26,,6781.03,,,
2026-10-07 09:35:38,7423.52,,6780.99,,,
2026-10-07 09:35:40,7423.19,,6780.96,,,
2026-10-07 09:35:42,7423.27,,6781.01,,,
2026-10-07 09:35:45,7423.32,,6781.06,,,
2026-10-07 09:35:47,7423.33,,6781.05,,,
2026-10-07 09:35:49,7423.39,,6781.12,,,
2026-10-07 09:35:51,7423.47,,6781.05,,,
2026-10-07 09:35:53,7423.37,,6781.04,,,
2026-10-07 09:35:55,7423.39,,6781.06,,,
2026-10-07 09:35:58,7423.08,,6781.07,,,
2026-10-07 09:36:00,7423.25,,6781.08,,,
2026-10-07 09:36:02,7423.23,,6781.11,,,
2026-10-07 09:36:04,7423.24,,6781.1,,,
2026-10-07 09:36:07,7423.61,,6781.07,,,
2026-10-07 09:36:09,7423.49,,6781.12,,,
2026-10-07 09:36:58,7423.4,,6781.08,,,
2026-10-07 09:37:00,7423.38,,6781.06,,,
2026-10-07 09:37:02,7423.78,,6781.09,,,
2026-10-07 09:37:05,7423.58,,6781.06,,,
2026-10-07 09:37:07,7423.79,,6781.05,,,
2026-10-07 09:37:09,7423.59,,6781.11,,,
2026-10-07 09:37:12,7423.54,,6781.05,,,
2026-10-07 09:37:14,7423.67,,6781.08,,,
2026-10-07 09:37:16,7423.53,,6781.08,,,
2026-10-07 09:37:18,7423.4,,6781.09,,,
2026-10-07 09:37:21,7423.68,,6781.11,,,
2026-10-07 09:37:23,7423.42,,6781.04,,,
2026-10-07 09:37:25,7423.48,,6781.06,,,
2026-10-07 09:38:30,7423.67,,6781.02,,,
2026-10-07 09:38:32,7423.49,,6781.06,,,
2026-10-07 09:38:34,7423.43,,6781.12,,,
2026-10-07 09:38:36,7423.36,,6781.15,,,
2026-10-07 09:38:39,7423.01,,6781.1,,,
2026-10-07 09:38:41,7423.0,,6781.1,,,
2026-10-07 09:38:43,7423.3,,6781.13,,,
2026-10-07 09:38:46,7423.37,,6781.1,,,
2026-10-07 09:38:48,7423.11,,6781.05,,,
2026-10-07 09:38:50,7423.35,,6781.1,,,
2026-10-07 09:38:52,7423.39,,6781.09,,,
2026-10-07 09:38:55,7423.55,,6781.08,,,
2026-10-07 09:38:57,7423.56,,6781.1,,,
2026-10-07 09:38:59,7423.66,,6781.03,,,
2026-10-07 09:39:01,7423.56,,6781.08,,,
2026-10-07 09:39:03,7423.42,,6781.11,,,
2026-10-07 09:39:05,7423.22,,6781.08,,,
2026-10-07 10:14:33,6956.49,,6155.94,,,
2026-10-07 10:14:35,6956.47,,6156.06,,,
2026-10-07 10:14:37,6956.54,,6155.97,,,
2026-10-07 10:14:39,6956.26,,6156.03,,,
2026-10-07 10:14:41,6956.3,,6156.01,,,
2026-10-07 10:14:44,6956.19,,6156.02,,,
2026-10-07 10:14:46,6956.17,,6156.03,,,
2026-10-07 10:14:48,6956.29,,6155.99,,,
2026-10-07 10:14:50,6956.31,,6156.09,,,
2026-10-07 10:14:53,6956.27,,6156.1,,,
2026-10-07 10:24:51,6956.56,,6156.08,,,
2026-10-07 10:24:53,6956.51,,6156.07,,,
2026-10-07 10:24:55,6956.23,,6156.06,,,
2026-10-07 10:24:56,6956.09,,6156.05,,,
2026-10-07 10:24:58,6956.23,,6156.01,,,
2026-10-07 10:25:01,6956.28,,6156.01,,,
2026-10-07 10:25:03,6956.38,,6156.0,,,
2026-10-07 10:25:05,6956.45,,6156.1,,,
2026-10-07 10:25:07,6956.41,,6156.1,,,
2026-10-07 10:29:22,6956.19,,6156.04,,,
2026-10-07 10:29:24,6956.26,,6156.0,,,
2026-10-07 10:29:26,6956.4,,6156.06,,,
2026-10-07 10:29:29,6956.37,,6156.03,,,
2026-10-07 10:29:31,6956.22,,6156.07,,,
2026-10-07 10:29:33,6956.01,,6156.09,,,
2026-10-07 10:38:33,6959.21,,6156.11,,,
2026-10-07 10:38:35,6958.96,,6156.14,,,
2026-10-07 10:38:37,6958.98,,6156.19,,,
2026-10-07 10:38:39,6959.49,,6156.15,,,
2026-10-07 10:38:42,6959.33,,6156.11,,,
2026-10-07 10:38:44,6959.25,,6156.16,,,
2026-10-07 10:38:46,6959.51,,6156.13,,,
2026-10-07 10:38:49,6959.25,,6156.11,,,
2026-10-07 10:38:51,6959.28,,6156.02,,,
2026-10-07 10:38:53,6959.48,,6156.14,,,
2026-10-07 10:38:56,6959.38,,6156.08,,,
2026-10-07 10:38:58,6959.63,,6156.11,,,
2026-10-07 10:39:00,6959.6,,6156.06,,,
2026-10-07 10:39:03,6959.46,,6156.15,,,
2026-10-07 10:39:05,6959.46,,6156.15,,,
2026-10-07 11:00:47,6959.2,,6156.24,,,
2026-10-07 11:00:49,6959.38,,6156.26,,,
2026-10-07 11:00:51,6959.32,,6156.28,,,
2026-10-07 11:00:54,6959.3,,6156.26,,,
2026-10-07 11:00:56,6959.29,,6156.32,,,
2026-10-07 11:00:58,6959.3,,6156.31,,,
2026-10-07 11:01:00,6959.49,,6156.28,,,
2026-10-07 11:01:02,6959.4,,6156.25,,,
2026-10-07 11:01:05,6959.42,,6156.25,,,
2026-10-07 11:01:07,6959.64,,6156.3,,,
2026-10-07 11:01:09,6959.37,,6156.26,,,
2026-10-07 11:01:12,6959.61,,6156.27,,,
2026-10-07 11:01:14,6959.55,,6156.34,,,
2026-10-07 11:01:16,6959.45,,6156.35,,,
2026-10-07 11:01:19,6959.38,,6156.3,,,
2026-10-07 11:01:21,6959.31,,6156.35,,,
2026-10-07 11:01:23,6959.64,,6156.3,,,
2026-10-07 11:01:26,6959.73,,6156.31,,,
2026-10-07 11:01:28,6959.68,,6156.22,,,
2026-10-07 11:01:30,6959.64,,6156.27,,,
2026-10-07 11:01:33,6959.6,,6156.22,,,
2026-10-07 11:01:35,6959.67,,6156.21,,,
2026-10-07 11:01:37,6959.53,,6156.29,,,
2026-10-07 11:01:39,6959.71,,6156.28,,,
2026-10-07 11:05:39,6959.39,,6156.19,,,
2026-10-07 11:05:42,6959.75,,6156.27,,,
2026-10-07 11:05:44,6959.38,,6156.17,,,
2026-10-07 11:05:46,6959.6,,6156.14,,,
2026-10-07 11:05:48,6959.43,,6156.28,,,
2026-10-07 11:06:33,6959.63,,6156.13,,,
2026-10-07 11:06:35,6959.72,,6156.1,,,
2026-10-07 11:06:38,6959.81,,6156.16,,,
2026-10-07 11:06:40,6959.79,,6156.16,,,
2026-10-07 11:06:42,6959.55,,6156.11,,,
2026-10-07 11:06:45,6959.99,,6156.09,,,
2026-10-07 11:06:47,6959.61,,6156.14,,,
2026-10-07 11:06:49,6959.23,,6156.06,,,
2026-10-07 11:06:51,6959.71,,6156.11,,,
2026-10-07 11:06:54,6959.49,,6156.17,,,
2026-10-07 11:06:56,6959.53,,6156.1,,,
2026-10-07 11:06:59,6959.68,,6156.12,,,
2026-10-07 11:09:12,6959.72,,6156.06,,,
2026-10-07 11:09:15,6959.37,,6156.08,,,
2026-10-07 11:09:17,6959.59,,6156.09,,,
2026-10-07 11:09:19,6959.71,,6155.98,,,
2026-10-07 11:09:21,6959.58,,6156.01,,,
2026-10-07 11:09:24,6959.3,,6156.05,,,
2026-10-07 11:09:26,6959.67,,6156.08,,,
2026-10-07 11:09:28,6959.26,,6156.0,,,
2026-10-07 11:10:33,6959.62,,6156.07,,,
2026-10-07 11:10:35,6959.57,,6156.02,,,
2026-10-07 11:10:38,6959.91,,6156.06,,,
2026-10-07 11:10:40,6959.64,,6156.02,,,
2026-10-07 11:10:42,6959.85,,6156.0,,,
2026-10-07 11:10:45,6959.73,,6156.06,,,
2026-10-07 11:11:36,6959.52,,6156.0,,,
2026-10-07 11:11:39,6959.5,,6155.97,,,
2026-10-07 11:11:41,6959.35,,6156.02,,,
2026-10-07 11:11:43,6959.18,,6155.99,,,
2026-10-07 11:11:46,6959.2,,6156.01,,,
2026-10-07 11:11:48,6959.37,,6156.03,,,
2026-10-07 11:11:50,6959.2,,6156.03,,,
2026-10-07 11:11:52,6959.42,,6156.02,,,
2026-10-07 11:16:14,6959.86,,6155.87,,,
2026-10-07 11:16:16,6959.64,,6155.94,,,
2026-10-07 11:16:18,6959.56,,6156.02,,,
2026-10-07 11:16:20,6959.48,,6155.94,,,
2026-10-08 10:47:24,6256.81,,6250.48,,,
2026-10-08 10:47:26,6256.98,,6250.58,,,
2026-10-08 10:47:28,6256.68,,6250.5,,,
2026-10-08 10:47:30,6256.98,,6250.49,,,
2026-10-08 10:47:31,6256.82,,6250.48,,,
2026-10-08 10:47:33,6256.79,,6250.49,,,
2026-10-08 10:47:35,6256.91,,6250.47,,,
2026-10-08 10:47:37,6257.0,,6250.52,,,
2026-10-08 10:47:39,6256.64,,6250.48,,,
2026-10-08 10:47:41,6256.75,,6250.46,,,
2026-10-08 10:56:34,6257.15,,6250.55,,,
2026-10-08 10:56:35,6257.1,,6250.49,,,
2026-10-08 10:56:37,6256.98,,6250.48,,,
2026-10-08 10:56:39,6257.19,,6250.54,,,
2026-10-08 10:56:41,6257.24,,6250.55,,,
2026-10-08 10:56:42,6257.01,,6250.55,,,
2026-10-08 10:56:44,6256.85,,6250.48,,,
2026-10-08 10:56:46,6257.18,,6250.59,,,
2026-10-08 10:56:48,6257.13,,6250.62,,,
2026-10-08 10:56:49,6257.03,,6250.54,,,
2026-10-08 10:56:51,6256.9,,6250.53,,,
2026-10-08 10:56:53,6257.09,,6250.5,,,
2026-10-08 10:56:55,6256.99,,6250.55,,,
2026-10-08 10:56:56,6257.04,,6250.59,,,
2026-10-08 10:56:58,6256.68,,6250.53,,,
2026-10-08 10:57:00,6256.62,,6250.54,,,
2026-10-08 11:09:25,6463.51,,6250.63,,,
2026-10-08 11:09:27,6463.77,,6250.61,,,
2026-10-08 11:09:28,6463.44,,6250.56,,,
2026-10-08 11:09:30,6463.58,,6250.6,,,
2026-10-08 11:09:32,6463.81,,6250.57,,,
2026-10-08 11:09:34,6463.67,,6250.58,,,
2026-10-08 11:09:35,6464.0,,6250.61,,,
2026-10-08 11:09:37,6463.9,,6250.58,,,
2026-10-08 11:09:39,6463.63,,6250.58,,,
2026-10-08 11:09:41,6463.61,,6250.56,,,
2026-10-08 11:09:43,6463.8,,6250.63,,,
2026-10-08 11:09:45,6463.23,,6250.53,,,
2026-10-08 11:09:46,6463.55,,6250.56,,,
2026-10-08 11:09:48,6463.47,,6250.6,,,
2026-10-08 11:09:50,6463.44,,6250.66,,,
2026-10-08 11:09:52,6463.62,,6250.63,,,
2026-10-08 11:09:53,6463.74,,6250.58,,,
2026-10-08 11:09:55,6463.9,,6250.62,,,
2026-10-08 11:15:29,6463.43,,6250.52,,,
2026-10-08 11:15:31,6463.29,,6250.55,,,
2026-10-08 11:15:33,6463.32,,6250.57,,,
2026-10-08 11:15:35,6463.27,,6250.59,,,
2026-10-08 11:15:37,6463.17,,6250.56,,,
2026-10-08 11:15:39,6463.3,,6250.64,,,
2026-10-08 11:15:41,6463.51,,6250.58,,,
2026-10-08 11:15:43,6463.35,,6250.58,,,
2026-10-08 11:15:44,6463.38,,6250.6,,,
2026-10-08 11:15:46,6463.32,,6250.57,,,
2026-10-08 11:15:48,6463.59,,6250.58,,,
2026-10-08 11:15:50,6463.26,,6250.51,,,
2026-10-08 11:15:51,6463.31,,6250.56,,,
2026-10-08 11:15:53,6463.43,,6250.62,,,
2026-10-08 11:15:55,6463.3,,6250.55,,,
2026-10-08 11:15:57,6463.53,,6250.56,,,
2026-10-08 11:15:58,6463.31,,6250.6,,,
2026-10-08 11:16:00,6463.39,,6250.67,,,
2026-10-08 11:16:02,6463.29,,6250.53,,,
2026-10-08 11:16:04,6463.44,,6250.58,,,
2026-10-08 11:18:19,414.85,,625.3,,,
2026-10-08 11:18:21,414.84,,625.36,,,
2026-10-08 11:18:23,414.9,,625.28,,,
2026-10-08 11:18:25,411.57,,625.3,,,
2026-10-08 11:18:27,411.61,,625.37,,,
2026-10-08 11:18:28,411.54,,625.28,,,
2026-10-08 11:18:30,411.58,,625.27,,,
2026-10-08 11:18:32,411.73,,625.28,,,
2026-10-08 11:18:34,411.84,,625.32,,,
2026-10-08 11:18:35,411.79,,625.27,,,
2026-10-08 11:18:37,411.68,,625.25,,,
2026-10-08 11:18:39,411.66,,625.32,,,
2026-10-08 11:18:41,411.63,,625.24,,,
2026-10-08 11:18:42,411.68,,625.32,,,
2026-10-08 11:18:44,411.81,,625.29,,,
2026-10-08 11:18:46,411.64,,625.28,,,
2026-10-08 11:18:48,411.77,,625.22,,,
2026-10-08 11:18:50,411.7,,625.18,,,
2026-10-08 11:18:51,411.69,,625.27,,,
2026-10-08 11:18:53,411.64,,625.24,,,
2026-10-08 11:45:21,413.06,,624.88,,,
2026-10-08 11:45:23,413.08,,624.88,,,
2026-10-08 11:45:25,413.07,,624.99,,,
2026-10-08 11:45:27,413.06,,624.92,,,
2026-10-08 11:45:29,413.15,,624.91,,,
2026-10-08 11:45:30,413.1,,624.88,,,
2026-10-08 11:45:32,412.94,,624.87,,,
2026-10-08 11:45:34,413.11,,624.89,,,
2026-10-08 11:45:36,413.02,,624.9,,,
2026-10-08 11:45:37,413.11,,624.88,,,
2026-10-08 12:03:38,413.2,,624.91,,,
2026-10-08 12:03:41,413.22,,624.85,,,
2026-10-08 12:03:43,413.1,,624.95,,,
2026-10-08 12:03:45,413.17,,624.93,,,
2026-10-08 12:03:47,413.07,,624.9,,,
2026-10-08 12:05:21,413.03,,624.89,,,
2026-10-08 12:05:23,413.07,,624.95,,,
2026-10-08 12:05:26,413.2,,624.9,,,
2026-10-08 12:05:28,413.12,,624.94,,,
2026-10-08 12:05:30,413.3,,624.96,,,
2026-10-08 12:05:32,412.92,,625.0,,,
2026-10-08 12:05:33,413.15,,624.88,,,
2026-10-08 12:05:35,412.98,,624.9,,,
2026-10-08 12:05:56,413.1,,624.91,,,
2026-10-08 12:05:58,413.16,,624.96,,,
2026-10-08 12:06:00,413.14,,624.91,,,
2026-10-08 12:06:01,412.97,,624.87,,,
2026-10-08 12:06:03,413.04,,624.93,,,
2026-10-08 12:06:05,413.03,,624.96,,,
2026-10-08 12:06:07,412.91,,624.95,,,
2026-10-08 12:06:08,412.99,,624.94,,,
2026-10-08 12:06:10,413.04,,624.92,,,
2026-10-08 12:06:12,412.91,,624.96,,,
2026-10-08 12:06:14,413.03,,624.9,,,
2026-10-08 12:17:46,413.02,,624.96,,,
2026-10-08 12:17:48,412.88,,624.95,,,
2026-10-08 12:17:50,412.94,,625.0,,,
2026-10-08 12:17:51,413.07,,625.0,,,
2026-10-08 12:17:53,413.02,,624.99,,,
2026-10-08 12:17:55,413.1,,624.95,,,
2026-10-08 12:17:57,412.91,,624.93,,,
2026-10-08 12:17:58,412.92,,625.04,,,
2026-10-08 12:18:00,412.98,,625.04,,,
2026-10-08 12:18:02,413.06,,624.98,,,
2026-10-08 12:30:34,413.0,,624.94,,,
2026-10-08 12:30:36,412.96,,624.98,,,
2026-10-08 12:30:37,413.07,,624.95,,,
2026-10-08 12:30:39,413.07,,624.95,,,
2026-10-08 12:30:41,412.95,,624.94,,,
2026-10-08 12:30:43,412.95,,624.93,,,
2026-10-08 12:30:44,412.88,,625.04,,,
2026-10-08 12:30:46,412.91,,624.91,,,
2026-10-08 12:30:48,412.88,,624.98,,,
2026-10-08 12:30:50,413.0,,624.94,,,
2026-10-08 12:30:52,413.04,,624.88,,,
2026-10-08 12:30:53,412.89,,624.93,,,
2026-10-08 12:30:55,412.95,,624.89,,,
2026-10-08 12:30:57,412.98,,625.04,,,
2026-10-08 12:32:09,412.94,,624.98,,,
2026-10-08 12:32:11,412.95,,624.95,,,
2026-10-08 12:32:13,413.01,,624.93,,,
2026-10-08 12:32:15,413.03,,624.86,,,
2026-10-08 12:32:16,413.01,,624.95,,,
2026-10-08 12:32:18,413.05,,624.91,,,
2026-10-08 12:32:20,413.05,,624.87,,,
2026-10-08 12:32:22,412.93,,625.0,,,
2026-10-08 12:32:23,413.05,,624.98,,,
2026-10-08 12:32:25,412.95,,624.88,,,
2026-10-08 12:32:27,412.99,,624.94,,,
2026-10-08 12:32:29,413.01,,624.96,,,
2026-10-08 12:36:24,413.07,,624.96,,,
2026-10-08 12:36:26,412.99,,624.91,,,
2026-10-08 12:36:28,413.01,,624.95,,,
2026-10-08 12:36:30,412.98,,624.97,,,
2026-10-08 12:36:32,413.04,,624.95,,,
2026-10-08 12:36:33,413.05,,624.99,,,
2026-10-08 12:36:35,413.01,,624.87,,,
2026-10-08 12:36:37,413.07,,624.91,,,
2026-10-08 12:36:39,413.1,,624.97,,,
2026-10-08 12:36:41,413.01,,624.94,,,
2026-10-08 12:36:42,413.15,,624.97,,,
2026-10-08 12:36:44,412.88,,625.0,,,
2026-10-08 12:45:42,412.95,,624.94,,,
2026-10-08 12:45:44,412.87,,625.0,,,
2026-10-08 12:45:46,413.11,,624.9,,,
2026-10-08 12:45:48,413.12,,624.89,,,
2026-10-08 12:45:50,413.06,,624.92,,,
2026-10-08 12:45:52,413.04,,624.97,,,
2026-10-08 12:45:55,413.03,,624.96,,,
2026-10-08 12:45:56,413.05,,624.91,,,
2026-10-08 12:45:59,412.9,,624.89,,,
2026-10-08 12:46:01,413.01,,624.9,,,
2026-10-08 12:46:03,413.09,,624.87,,,
2026-10-08 12:46:04,412.91,,624.92,,,
2026-10-08 12:46:06,413.01,,624.96,,,
2026-10-08 12:46:08,412.92,,624.95,,,
2026-10-08 12:48:33,413.03,,625.0,,,
2026-10-08 12:48:35,412.96,,624.97,,,
2026-10-08 12:48:37,412.99,,624.87,,,
2026-10-08 12:48:39,413.0,,624.92,,,
2026-10-08 12:48:41,413.09,,624.96,,,
2026-10-08 12:48:43,413.03,,625.0,,,
2026-10-08 12:48:45,412.93,,624.98,,,
2026-10-08 12:48:47,412.87,,624.91,,,
2026-10-08 12:48:49,412.94,,624.99,,,
2026-10-08 12:48:51,413.04,,624.92,,,
2026-10-08 12:48:53,412.98,,624.97,,,
2026-10-08 12:49:09,412.88,,624.92,,,
2026-10-08 12:49:14,413.05,,624.92,,,
2026-10-08 12:49:17,412.95,,624.91,,,
2026-10-08 12:49:19,412.89,,624.97,,,
2026-10-08 12:49:21,412.91,,624.9,,,
2026-10-08 12:49:23,412.85,,624.93,,,
2026-10-08 12:49:25,412.98,,624.85,,,
2026-10-08 12:49:27,412.93,,624.89,,,
2026-10-08 12:49:29,412.93,,624.91,,,
2026-10-08 12:49:30,412.82,,624.89,,,
2026-10-08 12:49:32,412.92,,624.94,,,
2026-10-08 12:49:34,413.02,,624.89,,,
2026-10-08 12:49:36,412.89,,624.95,,,
2026-10-08 12:49:38,413.02,,624.88,,,
2026-10-08 12:49:39,412.9,,624.9,,,
2026-10-08 12:49:41,413.01,,624.91,,,
2026-10-08 12:49:43,412.94,,624.86,,,
2026-10-08 12:49:45,413.0,,624.9,,,
2026-10-08 12:49:47,412.88,,624.92,,,
2026-10-08 12:49:49,412.87,,624.96,,,
2026-10-08 12:49:50,412.95,,624.95,,,
2026-10-08 12:49:52,412.92,,624.95,,,
2026-10-08 12:49:54,412.92,,624.94,,,
2026-10-08 12:49:56,412.87,,625.01,,,
2026-10-08 12:49:59,413.01,,624.99,,,
2026-10-08 12:50:21,412.93,,624.96,,,
2026-10-08 12:50:23,412.83,,624.96,,,
2026-10-08 12:50:25,412.91,,624.92,,,
2026-10-08 12:50:27,413.01,,624.88,,,
2026-10-08 12:50:29,412.92,,624.93,,,
2026-10-08 12:50:49,412.88,,624.92,,,
2026-10-08 12:50:51,412.97,,624.87,,,
2026-10-08 12:50:53,412.92,,624.93,,,
2026-10-08 12:50:55,412.92,,624.86,,,
2026-10-08 12:50:57,412.96,,624.92,,,
2026-10-08 12:50:58,412.89,,624.93,,,
2026-10-08 12:51:00,412.99,,624.87,,,
2026-10-08 12:51:02,412.95,,624.89,,,
2026-10-08 12:51:04,412.99,,624.89,,,
2026-10-08 12:51:06,412.91,,624.93,,,
2026-10-08 12:51:07,412.93,,624.91,,,
2026-10-08 12:51:09,412.96,,624.93,,,
2026-10-08 12:51:11,412.88,,624.86,,,
2026-10-08 12:54:06,412.87,,624.92,,,
2026-10-08 12:54:08,412.91,,624.93,,,
2026-10-08 12:54:09,412.95,,624.96,,,
2026-10-08 12:54:11,412.96,,624.91,,,
2026-10-08 12:54:13,412.92,,624.9,,,
2026-10-08 12:55:04,412.98,,624.93,,,
2026-10-08 12:55:06,412.98,,624.95,,,
2026-10-08 12:55:07,412.85,,624.82,,,
2026-10-08 12:55:09,412.95,,624.92,,,
2026-10-08 12:55:11,412.95,,624.94,,,
2026-10-08 12:55:15,413.03,,624.95,,,
2026-10-08 12:55:17,412.93,,624.99,,,
2026-10-08 12:55:19,412.95,,624.96,,,
2026-10-08 12:55:21,412.93,,624.91,,,
2026-10-08 12:55:23,412.99,,624.98,,,
2026-10-08 12:55:24,412.94,,624.96,,,
2026-10-08 12:55:26,412.85,,624.93,,,
2026-10-08 12:55:28,412.89,,624.91,,,
2026-10-08 12:55:30,413.0,,624.89,,,
2026-10-08 12:55:31,412.89,,624.88,,,
2026-10-08 12:55:33,413.01,,624.98,,,
2026-10-08 12:55:35,413.04,,624.96,,,
2026-10-08 12:55:37,413.02,,624.89,,,
2026-10-08 12:55:38,413.02,,624.85,,,
2026-10-08 12:55:40,412.97,,624.83,,,
2026-10-08 12:55:42,412.92,,624.99,,,
2026-10-08 12:55:44,412.94,,624.88,,,
2026-10-08 12:55:45,413.0,,624.96,,,
2026-10-08 12:55:47,412.97,,624.96,,,
2026-10-08 12:55:49,412.83,,624.97,,,
2026-10-08 12:55:51,412.89,,624.91,,,
2026-10-08 12:55:52,412.84,,624.94,,,
2026-10-08 12:55:54,412.96,,624.91,,,
2026-10-08 12:55:56,412.82,,624.9,,,
2026-10-08 12:55:58,412.97,,624.91,,,
2026-10-08 12:55:59,412.92,,625.0,,,
2026-10-08 12:56:01,66.08,,624.86,,,
2026-10-08 12:56:03,65.67,,624.98,,,
2026-10-08 12:56:05,62.21,,624.87,,,
2026-10-08 12:56:06,62.28,,624.89,,,
2026-10-08 12:56:08,62.21,,624.93,,,
2026-10-08 12:56:10,62.15,,624.95,,,
2026-10-08 12:56:12,62.24,,624.9,,,
2026-10-08 12:56:13,62.26,,624.93,,,
2026-10-08 12:56:15,62.31,,624.91,,,
2026-10-08 12:56:17,62.2,,815.51,,,
2026-10-08 12:56:19,62.23,,812.61,,,
2026-10-08 12:56:20,62.26,,812.46,,,
2026-10-08 12:56:22,62.34,,812.56,,,
2026-10-08 12:56:24,62.36,,812.6,,,
2026-10-08 12:56:26,62.31,,812.58,,,
2026-10-08 12:56:27,433.55,,812.58,,,
2026-10-08 12:56:29,732.74,,812.61,,,
2026-10-08 12:56:31,746.73,,812.51,,,
2026-10-08 12:56:33,746.69,,812.52,,,
2026-10-08 12:56:34,746.58,,812.59,,,
2026-10-08 12:56:36,746.55,,812.55,,,
2026-10-08 12:56:38,746.71,,812.55,,,
2026-10-08 12:56:40,746.68,,812.57,,,
2026-10-08 12:56:41,746.74,,812.54,,,
2026-10-08 12:56:43,746.54,,812.57,,,
2026-10-08 12:56:45,746.55,,812.55,,,
2026-10-08 12:56:47,746.67,,812.49,,,
2026-10-08 13:08:39,746.57,,812.5,,,
2026-10-08 13:08:41,746.56,,812.52,,,
2026-10-08 13:08:43,746.52,,812.51,,,
2026-10-08 13:08:45,746.43,,812.57,,,
2026-10-08 13:08:46,746.51,,812.51,,,
2026-10-08 13:08:48,746.52,,812.57,,,
2026-10-08 13:08:50,746.5,,812.55,,,
2026-10-08 13:08:52,746.54,,812.54,,,
2026-10-08 13:08:53,746.51,,812.46,,,
2026-10-08 13:08:55,746.57,,812.53,,,
2026-10-08 13:08:57,746.47,,812.59,,,
2026-10-08 13:08:59,746.48,,812.53,,,
2026-10-08 15:03:58,746.53,,812.44,,,
2026-10-08 15:03:59,746.74,,812.58,,,
2026-10-08 15:04:01,746.54,,812.52,,,
2026-10-08 15:04:03,746.47,,812.57,,,
2026-10-08 15:04:05,746.46,,812.46,,,
2026-10-08 15:04:06,746.53,,812.49,,,
2026-10-08 15:04:08,746.55,,812.55,,,
2026-10-08 15:04:10,746.63,,812.5,,,
2026-10-08 15:04:12,746.55,,812.53,,,
2026-10-08 15:04:13,746.62,,812.46,,,
2026-10-08 15:04:15,746.55,,812.57,,,
2026-10-08 15:04:17,746.5,,812.44,,,
2026-10-08 15:04:19,746.57,,812.48,,,
2026-10-08 15:04:20,746.49,,812.54,,,
2026-10-08 15:04:22,746.4,,812.53,,,
2026-10-08 15:04:24,746.55,,812.57,,,
2026-10-08 15:04:26,746.58,,812.51,,,
2026-10-08 15:04:27,746.42,,812.52,,,
2026-10-08 15:04:29,746.55,,812.58,,,
2026-10-08 15:04:31,746.37,,812.54,,,
2026-10-08 15:04:33,746.57,,812.52,,,
2026-10-08 15:04:35,746.53,,812.48,,,
2026-10-08 15:04:36,746.64,,812.51,,,
2026-10-08 15:04:38,746.66,,812.52,,,
2026-10-08 15:04:40,746.64,,812.53,,,
2026-10-08 15:04:42,746.63,,812.52,,,
2026-10-08 15:04:43,746.66,,812.55,,,
2026-10-08 15:04:45,746.6,,812.57,,,
2026-10-08 15:04:47,746.5,,812.49,,,
2026-10-08 15:04:49,746.62,,812.56,,,
2026-10-08 15:04:50,746.49,,812.61,,,
2026-10-08 15:04:52,746.48,,812.58,,,
2026-10-08 15:04:54,746.56,,812.6,,,
2026-10-08 15:04:56,746.52,,812.55,,,
2026-10-08 15:07:49,746.7,,812.59,,,
2026-10-08 15:07:51,746.7,,812.57,,,
2026-10-08 15:07:53,746.52,,812.57,,,
2026-10-08 15:07:54,746.49,,812.47,,,
2026-10-08 15:07:56,746.46,,812.54,,,
2026-10-08 15:07:58,746.61,,812.6,,,
2026-10-08 15:08:00,746.62,,812.53,,,
2026-10-08 15:25:19,746.49,,812.55,,,
2026-10-08 15:25:21,746.46,,812.52,,,
2026-10-08 15:25:22,746.53,,812.56,,,
2026-10-08 15:25:24,746.57,,812.46,,,
2026-10-08 15:25:26,746.54,,812.61,,,
2026-10-08 15:25:28,746.54,,812.56,,,
2026-10-08 15:25:30,746.68,,812.61,,,
2026-10-08 15:25:33,746.61,,812.46,,,
2026-10-08 15:25:35,746.59,,812.55,,,
2026-10-08 15:25:37,746.56,,812.49,,,
2026-10-08 15:25:39,746.65,,812.58,,,
2026-10-08 15:25:41,746.49,,812.6,,,
2026-10-08 15:25:43,746.37,,812.53,,,
2026-10-08 15:25:44,746.54,,812.57,,,
2026-10-08 15:25:46,746.58,,812.55,,,
2026-10-08 15:25:48,746.69,,812.57,,,
2026-10-08 15:25:50,746.55,,812.57,,,
2026-10-08 15:25:52,746.56,,812.57,,,
2026-10-08 15:25:53,746.66,,812.54,,,
2026-10-08 15:25:55,746.53,,812.54,,,
2026-10-08 15:25:57,746.53,,812.54,,,
2026-10-08 15:25:59,746.46,,812.51,,,
2026-10-08 15:26:01,746.56,,812.55,,,
2026-10-08 15:26:03,746.65,,812.54,,,
2026-10-08 15:26:04,746.47,,812.58,,,
2026-10-08 15:26:06,746.55,,812.58,,,
2026-10-08 15:26:08,746.6,,812.49,,,
2026-10-08 15:26:10,746.48,,812.49,,,
2026-10-08 15:26:11,746.42,,812.51,,,
2026-10-08 15:27:30,746.58,,812.52,,,
2026-10-08 15:27:32,746.6,,812.53,,,
2026-10-08 15:27:34,746.6,,812.53,,,
2026-10-08 15:27:36,746.58,,812.6,,,
2026-10-08 15:27:37,746.48,,812.53,,,
2026-10-08 15:27:39,746.51,,812.54,,,
2026-10-08 15:27:41,746.59,,812.55,,,
2026-10-08 15:27:43,746.58,,812.54,,,
2026-10-08 15:27:44,746.51,,812.52,,,
2026-10-08 15:27:46,746.52,,812.5,,,
2026-10-08 15:27:48,746.61,,812.52,,,
2026-10-08 15:27:50,746.58,,812.53,,,
2026-10-08 15:27:51,746.52,,812.56,,,
2026-10-08 15:27:53,746.64,,812.58,,,
2026-10-08 15:27:55,746.62,,812.56,,,
2026-10-08 15:27:57,746.42,,812.57,,,
2026-10-08 15:27:58,746.6,,812.55,,,
2026-10-08 15:28:00,746.62,,812.52,,,
2026-10-08 15:28:02,746.7,,812.58,,,
2026-10-08 15:28:04,746.79,,812.59,,,
2026-10-08 15:28:05,746.63,,812.58,,,
2026-10-08 15:28:07,746.66,,812.58,,,
2026-10-08 15:28:09,746.69,,812.54,,,
2026-10-08 15:28:11,746.67,,812.53,,,
2026-10-08 15:28:12,746.7,,812.63,,,
2026-10-08 15:28:14,746.67,,812.59,,,
2026-10-08 15:28:16,746.6,,812.55,,,
2026-10-08 15:28:18,746.55,,812.49,,,
2026-10-08 15:29:54,746.62,,812.58,,,
2026-10-08 15:29:56,746.66,,812.52,,,
2026-10-08 15:29:57,746.6,,812.49,,,
2026-10-08 15:29:59,746.56,,812.5,,,
2026-10-08 15:30:01,746.58,,812.46,,,
2026-10-08 15:30:03,746.47,,812.5,,,
2026-10-08 15:30:05,746.57,,812.5,,,
2026-10-08 15:30:07,746.43,,812.56,,,
2026-10-08 15:30:09,746.63,,812.53,,,
2026-10-08 15:30:11,746.58,,812.56,,,
2026-10-08 15:30:13,746.65,,812.55,,,
2026-10-08 15:30:15,746.73,,812.5,,,
2026-10-08 15:30:17,746.46,,812.58,,,
2026-10-08 15:30:19,746.54,,812.52,,,
2026-10-08 15:30:21,746.42,,812.44,,,
2026-10-08 15:30:22,746.4,,812.58,,,
2026-10-08 15:30:24,746.6,,812.56,,,
2026-10-08 15:30:27,746.57,,812.47,,,
2026-10-08 15:30:29,746.66,,812.55,,,
2026-10-08 15:30:31,746.4,,812.57,,,
2026-10-08 15:30:33,746.54,,812.55,,,
2026-10-08 15:45:21,746.53,,812.57,,,
2026-10-08 15:45:23,746.57,,812.49,,,
2026-10-08 15:45:25,746.48,,812.53,,,
2026-10-08 15:45:27,746.54,,812.53,,,
2026-10-08 15:45:29,746.57,,812.56,,,
2026-10-08 15:45:31,746.42,,812.57,,,
2026-10-08 15:45:33,746.65,,812.47,,,
2026-10-08 15:45:35,746.63,,812.52,,,
2026-10-08 15:45:36,746.67,,812.62,,,
2026-10-08 15:45:38,746.57,,812.55,,,
2026-10-08 15:45:40,746.55,,812.58,,,
2026-10-08 15:45:42,746.61,,812.54,,,
2026-10-08 15:45:44,746.61,,812.58,,,
2026-10-08 15:45:46,746.65,,812.55,,,
2026-10-08 15:45:48,746.45,,812.53,,,
2026-10-08 15:45:49,746.5,,812.63,,,
2026-10-08 15:45:51,746.5,,812.53,,,
2026-10-08 15:45:54,746.41,,812.53,,,
2026-10-08 15:45:56,746.54,,812.59,,,
2026-10-08 15:45:58,746.54,,812.5,,,
2026-10-08 15:45:59,746.41,,812.51,,,
2026-10-08 15:46:01,746.43,,812.53,,,
2026-10-08 15:46:03,746.44,,812.6,,,
2026-10-08 15:46:05,746.45,,812.56,,,
2026-10-08 15:46:06,746.55,,812.55,,,
2026-10-08 15:46:08,746.6,,812.56,,,
2026-10-08 15:46:10,746.49,,812.53,,,
2026-10-08 15:46:12,746.5,,812.53,,,
2026-10-08 15:46:14,746.53,,812.47,,,
2026-10-08 15:46:16,746.45,,812.44,,,
2026-10-08 15:46:18,746.67,,812.54,,,
2026-10-08 15:46:19,746.53,,812.58,,,
2026-10-08 15:46:41,746.59,,812.53,,,
2026-10-08 15:46:44,746.59,,812.54,,,
2026-10-08 15:46:45,746.58,,812.6,,,
2026-10-08 16:07:18,746.56,,812.57,,,
2026-10-08 16:07:20,746.55,,812.54,,,
2026-10-08 16:07:22,746.52,,812.48,,,
2026-10-08 16:07:23,746.59,,812.55,,,
2026-10-08 16:07:26,746.57,,812.48,,,
2026-10-08 16:07:28,746.44,,812.57,,,
2026-10-08 16:07:30,746.56,,812.56,,,
2026-10-08 16:07:32,746.41,,812.57,,,
2026-10-08 16:07:34,746.46,,812.52,,,
2026-10-08 16:07:36,746.56,,812.53,,,
2026-10-08 16:07:37,746.66,,812.51,,,
2026-10-08 16:07:39,746.73,,812.57,,,
2026-10-08 16:07:41,746.57,,812.5,,,
2026-10-08 16:07:43,746.51,,812.55,,,
2026-10-08 16:07:45,746.49,,812.51,,,
2026-10-08 16:07:47,746.59,,812.55,,,
2026-10-08 16:07:49,746.68,,812.59,,,
2026-10-08 16:07:51,746.57,,812.58,,,
2026-10-08 16:07:53,746.44,,812.55,,,
2026-10-08 16:07:55,746.6,,812.58,,,
2026-10-08 16:07:56,746.59,,812.55,,,
2026-10-08 16:07:59,746.56,,812.58,,,
2026-10-08 16:08:00,746.48,,812.59,,,
2026-10-08 16:08:02,746.63,,812.53,,,
2026-10-08 16:08:04,746.56,,812.55,,,
2026-10-08 16:08:06,746.61,,812.53,,,
2026-10-08 16:08:08,746.62,,812.56,,,
2026-10-08 16:08:10,746.47,,812.47,,,
2026-10-08 16:08:11,746.51,,812.56,,,
2026-10-08 16:08:13,746.49,,812.63,,,
2026-10-08 16:08:15,746.46,,812.45,,,
2026-10-08 16:08:17,746.62,,812.6,,,
2026-10-08 16:18:22,746.66,,812.58,,,
2026-10-08 16:18:24,746.58,,812.56,,,
2026-10-08 16:18:26,746.58,,812.57,,,
2026-10-08 16:18:27,746.62,,812.51,,,
2026-10-08 16:18:29,746.72,,812.6,,,
2026-10-08 16:18:31,746.73,,812.53,,,
2026-10-08 16:18:33,746.61,,812.54,,,
2026-10-08 16:18:34,746.63,,812.54,,,
2026-10-08 16:18:36,746.58,,812.59,,,
2026-10-08 16:18:38,746.54,,812.55,,,
2026-10-08 16:18:40,746.61,,812.54,,,
2026-10-08 16:18:41,746.46,,812.56,,,
2026-10-08 16:18:43,746.45,,812.58,,,
2026-10-08 16:18:45,746.52,,812.52,,,
2026-10-08 16:18:58,746.63,,812.54,,,
2026-10-08 16:19:00,746.6,,812.51,,,
2026-10-08 16:19:02,746.62,,812.51,,,
2026-10-08 16:19:03,746.53,,812.56,,,
2026-10-08 16:19:05,746.56,,812.54,,,
2026-10-08 16:19:07,746.53,,812.55,,,
2026-10-08 16:19:09,746.43,,812.58,,,
2026-10-08 16:19:10,746.32,,812.53,,,
2026-10-08 16:19:29,746.51,,812.56,,,
2026-10-08 16:19:30,746.52,,812.54,,,
2026-10-08 16:19:32,746.56,,812.59,,,
2026-10-08 16:19:34,746.64,,812.58,,,
2026-10-08 16:19:36,746.45,,812.52,,,
2026-10-08 16:19:38,746.59,,812.48,,,
2026-10-08 16:19:39,746.55,,812.56,,,
2026-10-08 16:19:41,746.48,,812.58,,,
2026-10-08 16:19:43,746.41,,812.56,,,
2026-10-08 16:19:45,746.54,,812.56,,,
2026-10-08 16:19:46,746.51,,812.57,,,
2026-10-08 16:19:48,746.43,,812.58,,,
2026-10-08 16:19:50,746.45,,812.59,,,
2026-10-08 16:19:52,746.46,,812.57,,,
2026-10-08 16:19:53,746.37,,812.59,,,
2026-10-08 16:19:55,746.5,,812.54,,,
2026-10-08 16:19:57,746.5,,812.54,,,
2026-10-08 16:19:59,746.64,,812.49,,,
2026-10-08 16:20:00,746.69,,812.52,,,
2026-10-08 16:20:02,746.64,,812.49,,,
2026-10-08 16:20:04,746.51,,812.56,,,
2026-10-08 16:20:06,746.51,,812.51,,,
2026-10-08 16:20:07,746.63,,812.54,,,
2026-10-08 16:20:09,746.6,,812.52,,,
2026-10-08 16:20:11,746.47,,812.53,,,
2026-10-08 16:20:13,746.49,,812.57,,,
2026-10-08 16:20:15,746.49,,812.47,,,
2026-10-08 16:20:16,746.45,,812.48,,,
2026-10-08 16:20:18,746.56,,812.57,,,
2026-10-08 16:20:20,746.49,,812.57,,,
2026-10-08 16:20:22,746.59,,812.5,,,
2026-10-08 16:20:23,746.57,,812.56,,,
2026-10-08 16:20:25,746.55,,812.54,,,
2026-10-08 16:20:27,746.54,,812.63,,,
2026-10-08 16:23:30,746.66,,812.58,,,
2026-10-08 16:23:32,746.61,,812.55,,,
2026-10-08 16:23:33,746.71,,812.49,,,
2026-10-08 16:23:35,746.72,,812.5,,,
2026-10-08 16:23:37,746.57,,812.48,,,
2026-10-08 16:23:39,746.52,,812.5,,,
2026-10-08 16:23:40,746.52,,812.5,,,
2026-10-08 16:23:42,746.52,,812.56,,,
2026-10-08 16:23:44,746.46,,812.59,,,
2026-10-08 16:23:46,746.6,,812.53,,,
2026-10-08 16:23:47,746.53,,812.45,,,
2026-10-08 16:23:49,746.39,,812.53,,,
2026-10-08 16:23:51,746.43,,812.62,,,
2026-10-08 16:23:53,746.5,,812.57,,,
2026-10-08 16:23:54,746.54,,812.56,,,
2026-10-08 16:23:56,746.53,,812.53,,,
2026-10-08 16:23:58,746.56,,812.54,,,
2026-10-08 16:24:00,746.57,,812.56,,,
2026-10-08 16:24:01,746.49,,812.57,,,
2026-10-08 16:24:03,746.44,,812.51,,,
2026-10-08 16:27:26,746.41,,812.59,,,
2026-10-08 16:27:28,746.57,,812.6,,,
2026-10-08 16:27:29,746.59,,812.58,,,
2026-10-08 16:27:31,746.57,,812.55,,,
2026-10-08 16:27:33,746.57,,812.61,,,
2026-10-08 16:27:35,746.64,,812.53,,,
2026-10-08 16:27:36,746.52,,812.57,,,
2026-10-08 16:27:38,746.45,,812.64,,,
2026-10-08 16:27:40,746.53,,812.53,,,
2026-10-08 16:27:42,746.55,,812.53,,,
2026-10-08 16:36:15,746.57,,812.58,,,
2026-10-08 16:36:17,746.49,,812.58,,,
2026-10-08 16:36:19,746.55,,812.54,,,
2026-10-08 16:36:20,746.53,,812.53,,,
2026-10-08 16:36:22,746.44,,812.51,,,
2026-10-08 16:36:24,746.54,,812.57,,,
2026-10-08 16:36:26,746.48,,812.49,,,
2026-10-08 16:36:28,746.49,,812.55,,,
2026-10-08 16:36:29,746.46,,812.51,,,
2026-10-08 16:36:32,746.35,,812.6,,,
2026-10-08 16:36:33,746.44,,812.68,,,
2026-10-08 16:36:35,746.43,,812.59,,,
2026-10-08 16:36:37,746.43,,812.57,,,
2026-10-08 17:12:17,746.65,,812.52,,,
2026-10-08 17:12:20,746.7,,812.61,,,
2026-10-08 17:12:23,746.71,,812.57,,,
2026-10-08 17:12:28,746.66,,812.52,,,
2026-10-08 17:12:29,746.65,,812.48,,,
2026-10-08 17:12:35,746.6,,812.59,,,
2026-10-08 17:12:39,746.62,,812.52,,,
2026-10-08 17:12:41,746.67,,812.52,,,
2026-10-08 17:12:44,746.52,,812.54,,,
2026-10-08 17:12:46,746.6,,812.54,,,
2026-10-08 17:12:48,746.59,,812.56,,,
2026-10-08 17:12:51,746.64,,812.49,,,
2026-10-08 17:12:53,746.66,,812.56,,,
2026-10-08 17:12:55,746.68,,812.57,,,
2026-10-08 17:12:57,746.69,,812.55,,,
2026-10-08 17:12:59,746.57,,812.57,,,
2026-10-08 17:13:01,746.63,,812.53,,,
2026-10-08 17:13:03,746.7,,812.58,,,
2026-10-08 17:13:04,746.67,,812.58,,,
2026-10-08 17:13:06,746.69,,812.53,,,
2026-10-08 17:13:08,746.72,,812.51,,,
2026-10-08 17:13:11,746.63,,812.61,,,
2026-10-08 17:13:13,746.62,,812.54,,,
2026-10-08 17:13:15,746.65,,812.47,,,
2026-10-08 17:15:35,746.6,,812.58,,,
2026-10-08 17:15:37,746.62,,812.51,,,
2026-10-08 17:15:39,746.51,,812.53,,,
2026-10-09 08:32:34,740.4,,,,,
2026-10-09 08:32:36,740.4,,,,,
2026-10-09 08:32:38,740.53,,,,,
2026-10-09 08:32:40,740.55,,,,,
2026-10-09 08:32:42,740.56,,,,,
2026-10-09 08:32:44,740.37,,,,,
2026-10-09 08:32:47,740.38,,,,,
2026-10-09 08:32:49,740.48,,,,,
2026-10-09 08:32:50,740.44,,,,,
2026-10-09 08:32:52,740.34,,,,,
2026-10-09 08:32:54,740.39,,,,,
2026-10-09 08:32:56,740.4,,,,,
2026-10-09 08:32:57,740.41,,,,,
2026-10-09 08:32:59,740.41,,,,,
2026-10-09 08:54:13,740.31,,,,,
2026-10-09 08:54:15,740.38,,,,,
2026-10-09 08:54:17,740.39,,,,,
2026-10-09 08:54:18,740.46,,,,,
2026-10-09 08:54:20,740.46,,,,,
2026-10-09 08:54:34,740.59,,,,,
2026-10-09 08:54:36,740.48,,,,,
2026-10-09 08:54:38,740.55,,,,,
2026-10-09 08:54:40,740.34,,,,,
2026-10-09 08:54:41,740.51,,,,,
2026-10-09 08:54:43,740.46,,,,,
2026-10-09 08:54:45,740.56,,,,,
2026-10-09 08:54:47,740.56,,,,,
2026-10-09 08:54:48,740.42,,,,,
2026-10-09 08:54:50,740.56,,,,,
2026-10-09 08:54:52,740.48,,,,,
2026-10-09 08:54:54,740.52,,,,,
2026-10-09 08:54:55,740.51,,,,,
2026-10-09 08:54:57,740.43,,,,,
2026-10-09 08:54:59,740.41,,,,,
2026-10-09 08:55:01,740.44,,,,,
2026-10-09 08:55:02,740.4,,,,,
2026-10-09 08:55:04,740.56,,,,,
2026-10-09 08:55:06,740.4,,,,,
2026-10-09 08:55:24,740.47,,,,,
2026-10-09 08:55:26,740.55,,,,,
2026-10-09 08:55:27,740.53,,,,,
2026-10-09 08:55:29,740.57,,,,,
2026-10-09 08:55:31,740.38,,,,,
2026-10-09 08:55:33,740.41,,,,,
2026-10-09 08:55:34,740.41,,,,,
2026-10-09 08:55:36,740.43,,,,,
2026-10-09 08:55:38,740.4,,,,,
2026-10-09 08:55:40,740.44,,,,,
2026-10-09 08:55:58,740.44,,,,,
2026-10-09 08:56:00,740.45,,,,,
2026-10-09 08:56:02,740.36,,,,,
2026-10-09 08:56:03,740.44,,,,,
2026-10-09 08:56:05,740.44,,,,,
2026-10-09 08:56:07,740.42,,,,,
2026-10-09 08:56:09,740.48,,,,,
2026-10-09 09:12:06,740.37,,,,,
2026-10-09 09:12:08,740.45,,,,,
2026-10-09 09:12:10,740.6,,,,,
2026-10-09 09:12:12,740.47,,,,,
2026-10-09 09:16:13,740.21,,,,,
2026-10-09 09:16:15,740.46,,,,,
2026-10-09 09:16:17,740.36,,,,,
2026-10-09 09:16:18,740.3,,,,,
2026-10-09 09:16:20,740.32,,,,,
2026-10-09 09:16:22,740.51,,,,,
2026-10-09 09:16:24,740.36,,,,,
2026-10-09 09:16:25,740.21,,,,,
2026-10-09 09:27:58,740.59,,,,,
2026-10-09 09:27:59,740.36,,,,,
2026-10-09 09:28:01,740.45,,,,,
2026-10-09 09:28:03,740.55,,,,,
2026-10-09 09:28:05,740.44,,,,,
2026-10-09 09:28:06,740.41,,,,,
2026-10-09 09:28:08,740.4,,,,,
2026-10-09 09:28:10,740.47,,,,,
2026-10-09 09:28:12,740.43,,,,,
2026-10-09 09:29:10,740.53,,,,,
2026-10-09 09:29:12,740.48,,,,,
2026-10-09 09:29:13,740.43,,,,,
2026-10-09 09:29:15,740.44,,,,,
2026-10-09 09:29:17,740.43,,,,,
2026-10-09 09:29:19,740.47,,,,,
2026-10-09 09:29:20,740.51,,,,,
2026-10-09 09:29:22,740.58,,,,,
2026-10-09 09:29:24,740.5,,,,,
2026-10-09 09:29:26,740.78,,,,,
2026-10-09 09:31:00,740.47,,,,,
2026-10-09 09:31:02,740.51,,,,,
2026-10-09 09:31:03,740.58,,,,,
2026-10-09 09:31:05,740.53,,,,,
2026-10-09 09:31:07,740.61,,,,,
2026-10-09 09:43:29,740.4,,,,,
2026-10-09 09:43:31,740.44,,,,,
2026-10-09 09:43:32,740.52,,,,,
2026-10-09 09:43:34,740.46,,,,,
2026-10-09 09:43:49,740.36,,,,,
2026-10-09 09:43:51,740.46,,,,,
2026-10-09 09:43:52,740.52,,,,,
2026-10-09 09:43:54,740.52,,,,,
2026-10-09 09:43:56,740.37,,,,,
2026-10-09 09:43:58,740.44,,,,,
2026-10-09 09:43:59,740.41,,,,,
2026-10-09 09:44:01,740.3,,,,,
2026-10-09 09:44:03,740.27,,,,,
2026-10-09 09:44:05,740.31,,,,,
2026-10-09 09:44:06,740.36,,,,,
2026-10-09 09:44:08,740.34,,,,,
2026-10-09 09:44:10,740.4,,,,,
2026-10-09 09:44:12,740.34,,,,,
2026-10-09 09:44:13,740.34,,,,,
2026-10-09 09:44:15,740.44,,,,,
2026-10-09 09:47:32,740.5,,,,,
2026-10-09 09:47:34,740.6,,,,,
2026-10-09 09:47:35,740.5,,,,,
2026-10-09 09:47:37,740.48,,,,,
2026-10-09 09:47:39,740.42,,,,,
2026-10-09 09:47:41,740.44,,,,,
2026-10-09 09:47:43,740.45,,,,,
2026-10-09 09:47:44,740.49,,,,,
2026-10-09 09:47:46,740.56,,,,,
2026-10-09 09:47:48,740.47,,,,,
2026-10-09 09:47:50,740.45,,,,,
2026-10-09 09:47:51,740.37,,,,,
2026-10-09 09:47:53,740.45,,,,,
2026-10-09 09:47:55,740.41,,,,,
2026-10-09 09:47:57,740.28,,,,,
2026-10-09 09:47:58,740.42,,,,,
2026-10-09 09:48:00,740.6,,,,,
2026-10-09 09:48:02,740.54,,,,,
2026-10-09 09:48:04,740.65,,,,,
2026-10-09 09:57:14,740.2,,,,,
2026-10-09 09:57:15,740.41,,,,,
2026-10-09 09:57:17,740.2,,,,,
2026-10-09 09:57:19,740.34,,,,,
2026-10-09 09:57:21,740.21,,,,,
2026-10-09 09:57:22,740.23,,,,,
2026-10-09 09:57:24,740.45,,,,,
2026-10-09 10:24:04,740.32,,,,,
2026-10-09 10:24:05,740.31,,,,,
2026-10-09 10:24:07,740.28,,,,,
2026-10-09 10:24:09,740.17,,,,,
2026-10-09 10:24:11,740.3,,,,,
2026-10-09 10:24:12,740.36,,,,,
2026-10-09 10:24:14,740.47,,,,,
2026-10-09 10:24:16,740.33,,,,,
2026-10-09 10:24:18,740.36,,,,,
2026-10-09 10:24:19,740.33,,,,,
2026-10-09 10:24:21,740.28,,,,,
2026-10-09 10:24:23,740.21,,,,,
2026-10-09 10:24:25,740.35,,,,,
2026-10-09 10:24:26,740.31,,,,,
2026-10-09 10:24:28,740.08,,,,,
2026-10-09 10:24:30,740.34,,,,,
2026-10-09 10:24:32,740.33,,,,,
2026-10-09 10:24:33,740.36,,,,,
2026-10-09 10:24:35,740.37,,,,,
2026-10-09 10:24:37,740.3,,,,,
2026-10-09 10:24:39,740.26,,,,,
2026-10-09 16:06:17,744.12,24.66,625.07,25.21,,24.98
2026-10-09 16:06:18,744.11,24.66,625.11,25.2,,24.98
2026-10-09 16:06:20,744.06,24.66,625.13,25.2,,24.98
2026-10-09 16:06:22,744.07,24.66,625.12,25.2,,24.98
2026-10-09 16:06:24,744.0,24.65,625.15,25.2,,24.99
2026-10-09 16:06:25,744.1,24.66,625.02,25.2,,24.98
2026-10-09 16:06:27,744.11,24.65,625.09,25.19,,24.97
2026-10-09 16:06:29,744.29,24.65,625.05,25.19,,24.97
2026-10-09 16:06:31,744.13,24.65,625.14,25.19,,24.97
2026-10-09 16:06:32,744.14,24.64,625.17,25.2,,24.97
2026-10-09 16:06:34,744.12,24.65,625.14,25.19,,24.97
2026-10-09 16:06:36,744.25,24.65,625.16,25.19,,24.96
2026-10-09 16:06:38,744.26,24.64,625.1,25.18,,24.97
2026-10-09 16:06:39,744.22,24.64,625.08,25.19,,24.97
2026-10-09 16:06:41,744.15,24.65,625.16,25.19,,24.97
2026-10-09 16:06:43,744.29,24.65,625.14,25.2,,24.96
2026-10-09 16:06:45,744.26,24.64,625.12,25.18,,24.96
2026-10-09 16:06:46,744.3,24.65,625.11,25.18,,24.96
2026-10-09 16:06:48,744.25,24.64,625.07,25.19,,24.97
2026-10-09 16:06:50,744.23,24.65,625.1,25.18,,24.97
2026-10-09 16:06:52,744.22,24.65,625.05,25.18,,24.96
2026-10-09 16:06:53,744.31,24.64,625.08,25.17,,24.96
2026-10-09 16:06:55,744.17,24.64,625.07,25.17,,24.96
2026-10-09 16:06:57,744.24,24.65,625.14,25.17,,24.96
2026-10-09 16:06:59,744.17,24.65,625.14,25.16,,24.97
2026-10-09 16:07:00,744.14,24.64,625.11,25.16,,24.95
2026-10-09 16:07:02,744.14,24.63,625.1,25.16,,24.96
2026-10-09 16:07:04,744.31,24.64,625.09,25.17,,24.95
2026-10-09 16:07:06,744.26,24.64,625.15,25.17,,24.96
2026-10-09 16:07:07,744.16,24.64,625.08,25.17,,24.96
2026-10-09 16:07:09,744.17,24.64,625.19,25.17,,24.96
2026-10-09 16:07:11,744.07,24.64,625.16,25.17,,24.96
2026-10-09 16:07:13,743.97,24.64,625.14,25.16,,24.96
2026-10-09 16:07:14,743.95,24.65,625.15,25.16,,24.96
2026-10-09 16:07:30,744.16,24.64,625.1,25.15,,24.96
2026-10-09 16:07:32,744.17,24.63,625.09,25.15,,24.96
2026-10-09 16:07:34,744.11,24.63,625.21,25.16,,24.96
2026-10-09 16:07:35,744.32,24.63,625.22,25.16,,24.95
2026-10-09 16:07:37,744.11,24.63,625.16,25.09,,24.95
2026-10-09 16:07:39,744.15,24.62,625.18,25.15,,24.96
2026-10-09 16:07:41,744.12,24.62,625.18,25.14,,24.95
2026-10-09 16:07:42,744.11,24.62,625.22,25.16,,24.96
2026-10-09 16:07:44,744.01,24.62,625.19,25.14,,24.95
2026-10-09 16:07:46,744.06,24.61,625.2,25.14,,24.95
2026-10-09 16:07:48,744.03,24.61,625.23,25.15,,24.95
2026-10-09 16:07:49,744.13,24.62,625.19,25.17,,24.93
2026-10-09 16:07:51,743.96,24.62,625.19,25.14,,25.08
2026-10-09 16:07:53,743.99,24.63,625.13,25.15,,25.35
2026-10-09 16:07:55,744.02,24.62,625.15,25.16,,25.71
2026-10-09 16:07:56,743.96,24.62,625.09,25.15,,25.83
2026-10-09 16:07:58,743.98,24.58,625.14,25.15,,26.03
2026-10-09 16:08:00,744.13,24.68,625.19,25.14,,26.59
2026-10-09 16:08:02,744.12,24.61,625.19,25.11,,27.32
2026-10-09 16:08:03,744.08,24.65,625.18,25.13,,27.26
2026-10-09 16:08:05,744.05,24.65,625.16,25.13,,27.48
2026-10-09 16:08:07,744.17,24.63,625.16,25.14,,27.72
2026-10-09 16:08:09,744.01,24.61,625.12,25.13,,28.21
2026-10-09 16:08:10,744.12,24.58,625.15,25.13,,29.41
2026-10-09 16:08:12,744.07,24.65,625.19,25.13,,29.3
2026-10-09 16:08:14,744.09,24.62,625.23,25.12,,29.84
2026-10-09 16:08:16,744.07,24.62,625.19,25.16,,30.29
2026-10-09 16:08:17,744.08,24.59,625.17,25.13,,30.61
2026-10-09 16:08:19,744.09,24.62,625.26,25.13,,30.96
2026-10-09 16:08:21,743.97,24.59,625.17,25.12,,31.28
2026-10-09 16:08:23,743.99,24.61,625.24,25.12,,31.54
2026-10-09 16:08:24,744.03,24.59,625.17,25.1,,31.67
2026-10-09 16:08:26,744.2,24.59,625.23,25.18,,31.89
2026-10-09 16:08:28,744.12,24.59,625.23,25.16,,32.08
